constituency_id,party,votes
E14000530,Con,23369
E14000530,Lab,8468
E14000530,UKIP,8253
E14000530,LD,4076
E14000530,Green,2025
E14000531,Con,20558
E14000531,Lab,8835
E14000531,UKIP,7751
E14000531,LD,1330
E14000531,Green,826
E14000531,MRLP,197
E14000532,Con,26771
E14000532,Lab,13481
E14000532,LD,4235
E14000532,UKIP,4047
E14000532,Green,1983
E14000533,Con,20106
E14000533,Lab,15901
E14000533,UKIP,7263
E14000533,LD,1360
E14000533,Green,1087
E14000534,Con,34331
E14000534,UKIP,8154
E14000534,Lab,6324
E14000534,LD,4062
E14000534,Green,3606
E14000535,Lab,19448
E14000535,Con,10628
E14000535,UKIP,10150
E14000535,LD,7030
E14000535,Justice for Men & Boys,153
E14000536,Con,30094
E14000536,UKIP,10798
E14000536,Lab,10580
E14000536,LD,3433
E14000536,Green,2467
E14000537,Lab,19366
E14000537,Con,8610
E14000537,UKIP,8468
E14000537,Green,1531
E14000537,LD,943
E14000538,Con,28083
E14000538,UKIP,10925
E14000538,Lab,8391
E14000538,LD,5885
E14000538,Green,2135
E14000539,Con,30749
E14000539,Lab,12354
E14000539,UKIP,8050
E14000539,LD,3440
E14000539,Green,2686
E14000539,National Health Action Party,729
E14000540,Lab,24826
E14000540,UKIP,9554
E14000540,Con,7019
E14000540,Green,897
E14000540,LD,562
E14000540,TUSC,183
E14000541,Lab,20376
E14000541,UKIP,7941
E14000541,Con,5485
E14000541,Green,938
E14000541,LD,770
E14000541,TUSC,573
E14000541,Eng Dem,477
E14000542,Lab,21079
E14000542,UKIP,9045
E14000542,Con,5622
E14000542,LD,1217
E14000542,Yorkshire First,647
E14000542,Eng Dem,440
E14000542,TUSC,364
E14000542,Vapers In Power,103
E14000543,Lab,18320
E14000543,Con,17525
E14000543,UKIP,5070
E14000543,LD,1169
E14000543,Green,1061
E14000543,Ind,130
E14000544,Con,22668
E14000544,Lab,10186
E14000544,UKIP,8538
E14000544,LD,1636
E14000545,Con,25769
E14000545,Lab,14706
E14000545,UKIP,8290
E14000545,LD,3919
E14000545,Ind,392
E14000546,Lab,23965
E14000546,Con,15122
E14000546,UKIP,7865
E14000546,LD,1331
E14000546,Green,1006
E14000547,Con,17833
E14000547,LD,14000
E14000547,Lab,6216
E14000547,Green,5634
E14000547,UKIP,2922
E14000547,Ind,499
E14000547,Eng Dem,63
E14000548,Lab,21826
E14000548,Con,15769
E14000548,UKIP,9080
E14000548,LD,2396
E14000548,Green,1232
E14000548,TUSC,123
E14000548,Patriotic Socialist Party,53
E14000549,Con,26730
E14000549,Lab,18792
E14000549,LD,2241
E14000549,Green,1682
E14000549,UKIP,1586
E14000550,Con,33621
E14000550,UKIP,7310
E14000550,Lab,6074
E14000550,LD,3927
E14000550,Green,2231
E14000551,Con,27955
E14000551,Lab,9484
E14000551,UKIP,6108
E14000551,LD,3378
E14000551,Green,1878
E14000552,Con,19625
E14000552,Lab,18528
E14000552,UKIP,4434
E14000552,LD,1958
E14000552,Green,1412
E14000552,Ind,129
E14000553,Lab,22146
E14000553,LD,17657
E14000553,Con,6051
E14000553,UKIP,3254
E14000553,Green,2023
E14000553,Left Unity - Trade Unionists and Socialists,142
E14000553,Ind,72
E14000553,All People's Party,59
E14000553,The Republican Socialist Party,20
E14000554,Con,16603
E14000554,LD,11689
E14000554,Lab,6042
E14000554,UKIP,4513
E14000554,Green,1488
E14000554,Eng Dem,88
E14000555,Lab,32387
E14000555,Con,8070
E14000555,Green,4906
E14000555,UKIP,3219
E14000555,LD,2395
E14000555,Left Unity - Trade Unionists and Socialists,949
E14000555,Communities United Party,356
E14000555,CISTAP,303
E14000555,The Whig Party,203
E14000555,The 30-50 Coalition,78
E14000555,Red Flag - Anti-Corruption,58
E14000556,Con,25363
E14000556,Lab,13160
E14000556,UKIP,8794
E14000556,LD,2900
E14000556,Green,1802
E14000556,Yorkshire First,658
E14000557,Con,30245
E14000557,UKIP,10170
E14000557,Lab,7797
E14000557,LD,4199
E14000557,Green,2807
E14000558,Con,20643
E14000558,Lab,11451
E14000558,UKIP,9182
E14000558,LD,1308
E14000558,Green,950
E14000558,Eng Dem,151
E14000559,Lab,26468
E14000559,Con,5816
E14000559,UKIP,3838
E14000559,Green,1626
E14000559,LD,1396
E14000560,Lab,18518
E14000560,Con,15812
E14000560,UKIP,4154
E14000560,Green,1371
E14000560,LD,1184
E14000560,"Christian Party, Proclaiming Christ's Lordship",163
E14000560,Ind,91
E14000561,Lab,15824
E14000561,Con,10695
E14000561,UKIP,6040
E14000561,LD,965
E14000561,Green,948
E14000561,TUSC,212
E14000562,Lab,28147
E14000562,Con,8329
E14000562,LD,5459
E14000562,Green,2200
E14000562,UKIP,2131
E14000562,Respect,780
E14000563,Lab,28069
E14000563,Con,4707
E14000563,UKIP,4651
E14000563,LD,2624
E14000563,Green,835
E14000563,Comm,153
E14000564,Lab,26444
E14000564,Con,4576
E14000564,UKIP,1805
E14000564,Green,1501
E14000564,LD,1374
E14000564,Liberty GB,216
E14000565,Lab,17673
E14000565,Con,15164
E14000565,UKIP,7106
E14000565,LD,1349
E14000565,Green,1169
E14000566,Lab,23697
E14000566,Con,8869
E14000566,UKIP,5032
E14000566,LD,2001
E14000566,Green,1330
E14000566,TUSC,331
E14000567,Lab,21584
E14000567,Con,13137
E14000567,UKIP,5755
E14000567,LD,2517
E14000567,Green,2301
E14000568,Lab,17129
E14000568,LD,10534
E14000568,UKIP,6637
E14000568,Con,5760
E14000568,Green,698
E14000568,Respect,187
E14000568,TUSC,135
E14000568,SDP,71
E14000569,Lab,16307
E14000569,Con,12799
E14000569,UKIP,7015
E14000569,LD,1723
E14000569,Green,1545
E14000570,Lab,24762
E14000570,Con,12002
E14000570,UKIP,6280
E14000570,LD,955
E14000571,Lab,22982
E14000571,UKIP,6108
E14000571,Con,5581
E14000571,Green,1567
E14000571,LD,874
E14000572,Con,17508
E14000572,Lab,14168
E14000572,UKIP,5823
E14000572,LD,948
E14000572,Green,889
E14000572,The Northern Party,57
E14000573,Lab,13548
E14000573,Con,10963
E14000573,UKIP,5613
E14000573,Green,841
E14000573,LD,743
E14000573,Ind,655
E14000573,Ind,73
E14000574,Lab,22090
E14000574,UKIP,7863
E14000574,Con,7838
E14000574,LD,5497
E14000574,Green,1648
E14000575,Lab,17813
E14000575,UKIP,8584
E14000575,Con,8346
E14000575,LD,2265
E14000575,Green,1453
E14000576,Con,24185
E14000576,UKIP,10241
E14000576,Lab,6508
E14000576,LD,4240
E14000576,Green,1942
E14000577,Lab,22542
E14000577,Con,10764
E14000577,UKIP,9228
E14000577,LD,1464
E14000578,Lab,18541
E14000578,Con,14164
E14000578,UKIP,8117
E14000578,LD,1236
E14000578,Green,1103
E14000579,Lab,20555
E14000579,UKIP,9627
E14000579,Con,8289
E14000579,Green,1200
E14000579,LD,1072
E14000580,Con,19744
E14000580,Lab,18943
E14000580,UKIP,7428
E14000580,LD,1947
E14000580,Ind,321
E14000580,TUSC,209
E14000581,Lab,33619
E14000581,UKIP,4915
E14000581,Con,3639
E14000581,Green,1501
E14000581,LD,978
E14000581,TUSC,500
E14000582,Con,18981
E14000582,UKIP,14645
E14000582,Lab,7142
E14000582,LD,1015
E14000582,Green,800
E14000582,Independence from Europe,324
E14000582,Ind,170
E14000582,The Pilgrim Party,143
E14000582,BNP,119
E14000583,Con,22939
E14000583,LD,11951
E14000583,Lab,9354
E14000583,UKIP,9338
E14000584,Con,22060
E14000584,Lab,7448
E14000584,UKIP,7401
E14000584,LD,3752
E14000584,Green,3263
E14000584,Bournemouth Independent Alliance,903
E14000585,Con,20155
E14000585,UKIP,7745
E14000585,Lab,7386
E14000585,LD,3281
E14000585,Green,3107
E14000585,Patria,99
E14000586,Con,29606
E14000586,Lab,8956
E14000586,UKIP,8339
E14000586,LD,3983
E14000586,Green,2202
E14000587,Lab,19312
E14000587,LD,12228
E14000587,Con,4682
E14000587,UKIP,4103
E14000587,Green,871
E14000587,British Democratic Party,210
E14000588,Lab,16328
E14000588,Con,9878
E14000588,UKIP,9057
E14000588,Green,1243
E14000588,LD,1094
E14000589,Lab,19977
E14000589,Respect,8557
E14000589,Con,6160
E14000589,UKIP,3140
E14000589,LD,1173
E14000589,Green,1085
E14000589,Ind,100
E14000589,Eng Dem,98
E14000590,Con,27071
E14000590,UKIP,9461
E14000590,Lab,9296
E14000590,LD,2488
E14000590,Green,1564
E14000590,Ind,295
E14000590,BNP,108
E14000591,Lab,29216
E14000591,Con,9567
E14000591,LD,3937
E14000591,Green,1912
E14000591,UKIP,1850
E14000591,TUSC,235
E14000591,Communities United Party,170
E14000591,Ind,145
E14000592,Lab,28351
E14000592,Con,17517
E14000592,LD,2607
E14000592,UKIP,2024
E14000592,Green,1539
E14000592,Ind,197
E14000593,Lab,25096
E14000593,Con,24631
E14000593,UKIP,3203
E14000593,LD,2305
E14000593,Green,2120
E14000594,Con,30534
E14000594,UKIP,8724
E14000594,Lab,6492
E14000594,LD,4577
E14000594,Green,1397
E14000594,Eng Dem,173
E14000595,Con,25020
E14000595,UKIP,10437
E14000595,Lab,9589
E14000595,LD,6765
E14000595,Green,2636
E14000596,Con,22946
E14000596,Lab,11770
E14000596,UKIP,6694
E14000596,Green,915
E14000596,LD,764
E14000596,Ind,153
E14000596,Independence from Europe,28
E14000597,Con,18428
E14000597,Lab,17738
E14000597,UKIP,4446
E14000597,Green,3187
E14000597,LD,1365
E14000597,The Socialist Party of Great Britain,73
E14000597,Ind,69
E14000598,Green,22871
E14000598,Lab,14904
E14000598,Con,12448
E14000598,UKIP,2724
E14000598,LD,1525
E14000598,Ind,116
E14000598,The Socialist Party of Great Britain,88
E14000599,Lab,18148
E14000599,Con,14168
E14000599,UKIP,7152
E14000599,Green,3827
E14000599,LD,2689
E14000599,TUSC,229
E14000600,Con,22767
E14000600,Lab,17823
E14000600,UKIP,4889
E14000600,LD,3214
E14000600,Green,2952
E14000600,TUSC,160
E14000601,Lab,19505
E14000601,Con,12377
E14000601,UKIP,8381
E14000601,Green,5861
E14000601,LD,4416
E14000601,TUSC,302
E14000602,Lab,22900
E14000602,Green,17227
E14000602,LD,12103
E14000602,Con,9752
E14000602,UKIP,1940
E14000602,Independents for Bristol,204
E14000602,Left Unity,92
E14000603,Con,26808
E14000603,Lab,9970
E14000603,UKIP,8881
E14000603,LD,5178
E14000603,Green,2252
E14000604,Con,23343
E14000604,Lab,9779
E14000604,UKIP,6285
E14000604,LD,2836
E14000604,Green,1823
E14000605,Con,28133
E14000605,Lab,11604
E14000605,UKIP,8163
E14000605,LD,2616
E14000605,Green,1729
E14000606,Con,25797
E14000606,UKIP,9074
E14000606,Lab,8470
E14000606,LD,1467
E14000606,Green,1216
E14000607,Con,24163
E14000607,Lab,19876
E14000607,UKIP,5674
E14000607,LD,2120
E14000607,Green,1544
E14000607,Justice for Men & Boys,63
E14000608,Spk,34617
E14000608,UKIP,11675
E14000608,Green,7400
E14000609,Lab,14951
E14000609,LD,11707
E14000609,UKIP,6864
E14000609,Con,5374
E14000609,Green,850
E14000610,Con,24376
E14000610,Lab,13484
E14000610,UKIP,8658
E14000610,LD,1232
E14000610,Green,1224
E14000611,Con,18970
E14000611,Lab,18592
E14000611,UKIP,5595
E14000611,Green,1141
E14000611,LD,932
E14000612,Lab,21272
E14000612,Con,16350
E14000612,UKIP,6299
E14000612,LD,1690
E14000612,Green,1434
E14000612,Eng Dem,170
E14000613,Con,31815
E14000613,Lab,10514
E14000613,UKIP,8739
E14000613,Green,4692
E14000613,LD,3581
E14000614,Con,23354
E14000614,Lab,18927
E14000614,UKIP,5950
E14000614,LD,2666
E14000614,Green,2090
E14000614,Yorkshire First,389
E14000614,World Peace Through Song,165
E14000615,Lab,32614
E14000615,Con,6790
E14000615,Green,5187
E14000615,LD,2580
E14000615,UKIP,2413
E14000615,All People's Party,829
E14000615,National Health Action Party,466
E14000615,Left Unity - Trade Unionists and Socialists,292
E14000615,CISTAP,197
E14000615,WRP,107
E14000615,The Whig Party,86
E14000616,Con,18452
E14000616,Lab,11448
E14000616,UKIP,6776
E14000616,LD,5687
E14000616,Green,2608
E14000616,Meb Ker,897
E14000617,Lab,18646
E14000617,LD,18047
E14000617,Con,8117
E14000617,Green,4109
E14000617,UKIP,2668
E14000617,Rebooting Democracy,187
E14000618,Con,20811
E14000618,Lab,15888
E14000618,UKIP,8224
E14000618,LD,1270
E14000618,Green,906
E14000619,Con,22918
E14000619,Lab,13120
E14000619,UKIP,7289
E14000619,LD,6227
E14000619,Green,3746
E14000619,The Socialist Party of Great Britain,165
E14000620,Con,18873
E14000620,Lab,16099
E14000620,UKIP,5277
E14000620,Green,1125
E14000620,LD,1087
E14000620,Ind,126
E14000621,LD,16603
E14000621,Con,15093
E14000621,Lab,7150
E14000621,UKIP,7049
E14000621,Green,1492
E14000621,CPA,177
E14000621,NF,49
E14000622,Con,23112
E14000622,UKIP,14178
E14000622,Lab,6283
E14000622,Green,1076
E14000622,LD,801
E14000623,Con,28436
E14000623,UKIP,7171
E14000623,Lab,6985
E14000623,LD,6643
E14000623,Green,4866
E14000623,Ind,347
E14000624,Con,30317
E14000624,Lab,10173
E14000624,UKIP,7459
E14000624,LD,3314
E14000624,Green,2664
E14000624,Eng Dem,162
E14000625,Con,28384
E14000625,Lab,11453
E14000625,UKIP,8330
E14000625,LD,3605
E14000625,BNP,489
E14000626,Con,21614
E14000626,Lab,10159
E14000626,UKIP,8581
E14000626,LD,1360
E14000626,Green,1101
E14000626,CPA,133
E14000626,TUSC,125
E14000627,Con,22889
E14000627,LD,16436
E14000627,Lab,8673
E14000627,UKIP,4423
E14000627,Ind,390
E14000627,The Above and Beyond Party,208
E14000627,Independence from Europe,76
E14000628,Con,27732
E14000628,Lab,9482
E14000628,UKIP,7652
E14000628,LD,6394
E14000628,Green,1892
E14000628,Lib,665
E14000629,Con,25322
E14000629,Lab,9300
E14000629,LD,2091
E14000629,UKIP,2039
E14000629,Green,1474
E14000630,Con,24790
E14000630,LD,18274
E14000630,Lab,3902
E14000630,UKIP,3808
E14000630,Green,2689
E14000630,Ind,272
E14000631,Con,31138
E14000631,UKIP,7218
E14000631,Lab,6712
E14000631,LD,4761
E14000631,Green,2901
E14000632,Lab,21829
E14000632,Con,8231
E14000632,UKIP,7523
E14000632,LD,6301
E14000632,Green,1352
E14000632,TUSC,202
E14000632,TPP,129
E14000633,Con,32953
E14000633,UKIP,8540
E14000633,Lab,6933
E14000633,LD,4865
E14000633,Green,3742
E14000633,Patria,106
E14000634,Con,20999
E14000634,Lab,12613
E14000634,UKIP,5644
E14000634,LD,2400
E14000634,Green,1854
E14000634,TUSC,241
E14000634,Class War,53
E14000635,Con,26354
E14000635,LD,16278
E14000635,UKIP,5884
E14000635,Lab,4561
E14000635,Green,2330
E14000636,Con,25759
E14000636,Lab,18103
E14000636,UKIP,4151
E14000636,Green,2501
E14000636,LD,2381
E14000636,Ind,118
E14000637,Lab,23322
E14000637,Con,18792
E14000637,UKIP,6995
E14000637,LD,1354
E14000637,Green,1111
E14000637,Ind,138
E14000638,Con,28887
E14000638,UKIP,10663
E14000638,Lab,4745
E14000638,LD,3263
E14000638,Green,2149
E14000639,Con,19570
E14000639,Lab,9899
E14000639,LD,2521
E14000639,Green,1953
E14000639,UKIP,1894
E14000639,CISTAP,160
E14000639,CPA,129
E14000639,Class War,59
E14000640,Lab,22118
E14000640,Con,22025
E14000640,UKIP,4148
E14000640,LD,2870
E14000641,Lab,21596
E14000641,Con,10157
E14000641,UKIP,5232
E14000641,LD,5153
E14000641,Green,2687
E14000641,Ind,649
E14000641,Ind,195
E14000642,UKIP,19642
E14000642,Con,16205
E14000642,Lab,6364
E14000642,Green,1184
E14000642,LD,812
E14000643,Con,21026
E14000643,Lab,13133
E14000643,UKIP,8356
E14000643,LD,1346
E14000643,Green,1013
E14000643,TUSC,215
E14000644,Con,18919
E14000644,LD,13344
E14000644,Lab,7852
E14000644,UKIP,5870
E14000644,Green,2499
E14000644,CPA,109
E14000645,Con,25246
E14000645,Lab,19868
E14000645,UKIP,5734
E14000645,LD,3407
E14000645,Green,1919
E14000645,Yorkshire First,572
E14000645,Ind,54
E14000646,Con,27164
E14000646,Lab,10391
E14000646,UKIP,6922
E14000646,LD,4623
E14000646,Green,1876
E14000647,Lab,16750
E14000647,Con,14186
E14000647,UKIP,6148
E14000647,LD,1368
E14000647,Green,1179
E14000648,Con,24023
E14000648,Lab,21611
E14000648,UKIP,7708
E14000648,LD,1458
E14000648,Green,1374
E14000649,Lab,22025
E14000649,Con,9751
E14000649,UKIP,6278
E14000649,LD,2007
E14000649,Green,1245
E14000649,TUSC,633
E14000649,CMGB,292
E14000650,Lab,18557
E14000650,Con,14048
E14000650,UKIP,7101
E14000650,Green,1961
E14000650,LD,1810
E14000650,TUSC,1769
E14000651,Lab,18472
E14000651,Con,15284
E14000651,UKIP,5709
E14000651,LD,1779
E14000651,Green,1719
E14000651,TUSC,650
E14000651,Mainstream,86
E14000652,Con,22829
E14000652,Lab,16303
E14000652,UKIP,6979
E14000652,LD,1339
E14000652,Green,1100
E14000653,Con,22445
E14000653,Lab,18825
E14000653,UKIP,7252
E14000653,LD,1374
E14000654,Con,22753
E14000654,Lab,22588
E14000654,UKIP,4810
E14000654,Green,1454
E14000654,LD,1152
E14000654,TUSC,127
E14000654,The UK Progressive Democracy Party,57
E14000655,Lab,33513
E14000655,Con,12149
E14000655,UKIP,2899
E14000655,Green,2515
E14000655,LD,1919
E14000655,TUSC,261
E14000655,Ind,141
E14000655,Comm,125
E14000656,Con,31448
E14000656,Lab,14308
E14000656,UKIP,6068
E14000656,LD,3448
E14000656,Green,2154
E14000656,Putting Croydon First!,221
E14000656,Class War,65
E14000657,Lab,17830
E14000657,UKIP,12850
E14000657,Con,10492
E14000657,Green,806
E14000657,LD,717
E14000657,BNP,151
E14000657,Ind,133
E14000657,Eng Dem,71
E14000658,Lab,17637
E14000658,Con,14479
E14000658,UKIP,5392
E14000658,LD,1966
E14000658,Green,1444
E14000658,TUSC,223
E14000659,Con,25670
E14000659,Lab,13325
E14000659,UKIP,10434
E14000659,LD,1454
E14000659,Green,1324
E14000659,Eng Dem,211
E14000660,Con,30550
E14000660,Lab,9491
E14000660,UKIP,8296
E14000660,LD,2352
E14000660,Green,1829
E14000661,Lab,19661
E14000661,Con,9150
E14000661,UKIP,7225
E14000661,Green,1466
E14000661,LD,957
E14000661,Ind,222
E14000662,Con,16402
E14000662,Lab,16361
E14000662,UKIP,6532
E14000662,LD,3832
E14000662,Green,1618
E14000663,Lab,20007
E14000663,Con,11179
E14000663,UKIP,6341
E14000663,LD,1717
E14000663,Green,1208
E14000663,TUSC,225
E14000663,British Independents,143
E14000664,Con,24805
E14000664,Lab,10761
E14000664,UKIP,5508
E14000664,LD,3965
E14000664,Green,2173
E14000664,Humanity,149
E14000665,Con,28295
E14000665,UKIP,7544
E14000665,Lab,6360
E14000665,LD,3954
E14000665,Green,2853
E14000666,Lab,22406
E14000666,Con,20955
E14000666,UKIP,6649
E14000666,LD,1924
E14000666,Green,1366
E14000666,Yorkshire First,236
E14000666,CPA,94
E14000667,Lab,19621
E14000667,Con,10736
E14000667,UKIP,9963
E14000667,LD,1487
E14000667,TUSC,437
E14000667,Eng Dem,242
E14000668,Lab,19840
E14000668,UKIP,9747
E14000668,Con,8386
E14000668,LD,1717
E14000668,TUSC,421
E14000668,Eng Dem,309
E14000669,Lab,20708
E14000669,UKIP,8928
E14000669,Con,7235
E14000669,LD,1005
E14000669,Green,757
E14000669,Eng Dem,448
E14000669,TUSC,258
E14000669,MRLP,162
E14000670,Con,21737
E14000670,Lab,15443
E14000670,UKIP,10177
E14000670,LD,1572
E14000670,Green,1295
E14000671,Lab,15885
E14000671,Con,11704
E14000671,UKIP,9113
E14000671,Green,517
E14000671,LD,478
E14000671,Apni Party,156
E14000671,TUSC,139
E14000672,Con,16723
E14000672,Lab,12453
E14000672,UKIP,7236
E14000672,Green,970
E14000672,LD,828
E14000673,Lab,27772
E14000673,Con,11650
E14000673,LD,5055
E14000673,Green,4844
E14000673,UKIP,1606
E14000673,TUSC,248
E14000673,Ind,125
E14000673,All People's Party,62
E14000674,Lab,22002
E14000674,Con,21728
E14000674,LD,3106
E14000674,UKIP,1926
E14000674,Green,1841
E14000674,Ind,125
E14000674,WRP,73
E14000674,The Above and Beyond Party,54
E14000674,Europeans Party,39
E14000675,Lab,26745
E14000675,Con,14419
E14000675,UKIP,3922
E14000675,Green,1635
E14000675,LD,1575
E14000675,TUSC,214
E14000676,Lab,28147
E14000676,Con,9387
E14000676,Green,2007
E14000676,UKIP,1769
E14000676,LD,1550
E14000676,NLP,461
E14000677,Lab,21132
E14000677,UKIP,6491
E14000677,Con,4478
E14000677,LD,834
E14000677,NEP,810
E14000677,Green,733
E14000677,The Socialist Party of Great Britain,146
E14000678,Con,25401
E14000678,Ind,13140
E14000678,UKIP,6870
E14000678,Lab,5591
E14000678,LD,3715
E14000679,Lab,40563
E14000679,Con,6311
E14000679,UKIP,2622
E14000679,Green,1299
E14000679,LD,856
E14000679,Communities United Party,409
E14000679,TUSC,230
E14000680,Con,31334
E14000680,UKIP,6187
E14000680,LD,5732
E14000680,Lab,5220
E14000680,Green,3176
E14000681,Con,32211
E14000681,UKIP,9553
E14000681,Lab,6627
E14000681,LD,5189
E14000681,Green,2159
E14000681,Ind,364
E14000682,Con,24686
E14000682,Lab,9737
E14000682,UKIP,8267
E14000682,LD,3360
E14000682,Green,2605
E14000682,National Health Action Party,1243
E14000683,Con,25276
E14000683,Lab,10343
E14000683,UKIP,8955
E14000683,LD,2966
E14000683,Green,1731
E14000683,Yorkshire First,720
E14000684,Con,20934
E14000684,LD,20201
E14000684,UKIP,6139
E14000684,Lab,4143
E14000684,Green,1351
E14000684,Ind,139
E14000685,Con,23464
E14000685,LD,14317
E14000685,UKIP,8783
E14000685,Lab,7181
E14000685,Green,1513
E14000685,"Beer, Baccy and Scratchings",133
E14000685,TUSC,114
E14000686,Con,24167
E14000686,Lab,11193
E14000686,UKIP,5778
E14000686,LD,4289
E14000686,Green,1624
E14000686,CISTAP,301
E14000687,Lab,25388
E14000687,Con,9969
E14000687,UKIP,3366
E14000687,Green,1358
E14000687,LD,897
E14000687,TUSC,360
E14000688,Lab,22316
E14000688,Con,16041
E14000688,UKIP,5594
E14000688,LD,1563
E14000688,Green,990
E14000688,Left Unity - Trade Unionists and Socialists,192
E14000688,Ind,31
E14000689,Con,27978
E14000689,Lab,19488
E14000689,UKIP,6430
E14000689,LD,2640
E14000689,Green,1261
E14000690,Lab,18393
E14000690,Con,15700
E14000690,UKIP,6481
E14000690,LD,1308
E14000690,Green,1275
E14000691,Lab,20172
E14000691,Con,19086
E14000691,UKIP,4133
E14000691,Green,1303
E14000691,LD,1059
E14000691,CPA,207
E14000691,TUSC,177
E14000692,Con,22624
E14000692,Lab,17871
E14000692,UKIP,2109
E14000692,Green,1690
E14000692,LD,1518
E14000693,Con,27027
E14000693,UKIP,9049
E14000693,Lab,7962
E14000693,LD,3448
E14000693,Green,1782
E14000693,Young People's Party,80
E14000694,Con,33309
E14000694,Lab,8866
E14000694,UKIP,7117
E14000694,LD,5002
E14000694,Green,2116
E14000694,Ind,612
E14000694,Ind,121
E14000695,Con,20636
E14000695,Lab,17052
E14000695,UKIP,7792
E14000695,LD,1658
E14000695,Green,1184
E14000696,Lab,21209
E14000696,Con,11684
E14000696,UKIP,7368
E14000696,LD,972
E14000696,Green,941
E14000696,CPA,255
E14000696,Eng Dem,188
E14000697,Con,35845
E14000697,Lab,7229
E14000697,UKIP,5551
E14000697,LD,5372
E14000697,Green,2355
E14000697,CISTAP,396
E14000697,Ind,228
E14000698,Lab,25062
E14000698,Con,17879
E14000698,UKIP,5075
E14000698,Green,3491
E14000698,LD,2321
E14000698,Left Unity - Trade Unionists and Socialists,190
E14000699,Con,30689
E14000699,UKIP,8427
E14000699,Lab,7800
E14000699,LD,4814
E14000699,Green,2129
E14000699,Ind,705
E14000699,Ind,136
E14000700,Con,24895
E14000700,UKIP,8243
E14000700,Lab,7403
E14000700,LD,3039
E14000700,Green,1768
E14000700,MRLP,297
E14000700,Eng Dem,158
E14000701,Lab,25845
E14000701,Con,14382
E14000701,UKIP,6209
E14000701,LD,1579
E14000701,Green,1390
E14000702,Con,22920
E14000702,Lab,13082
E14000702,UKIP,7261
E14000702,LD,3581
E14000702,Green,2257
E14000703,Con,25835
E14000703,Lab,20173
E14000703,UKIP,1732
E14000703,LD,1662
E14000703,Green,1357
E14000704,Con,26323
E14000704,UKIP,12526
E14000704,Lab,7939
E14000704,LD,4882
E14000704,Green,2956
E14000704,TUSC,244
E14000704,Young People's Party,72
E14000704,The Socialist Party of Great Britain,68
E14000705,Con,23191
E14000705,Lab,12204
E14000705,UKIP,8792
E14000705,Green,2703
E14000705,LD,2630
E14000706,Con,21406
E14000706,Lab,8182
E14000706,UKIP,5569
E14000706,Ind,5166
E14000706,LD,1623
E14000706,Green,1381
E14000706,The Northern Party,230
E14000707,Con,25949
E14000707,Lab,10500
E14000707,UKIP,7727
E14000707,LD,3290
E14000707,Green,1290
E14000707,Lincs Ind,505
E14000708,Lab,33839
E14000708,Con,6693
E14000708,UKIP,4482
E14000708,LD,2279
E14000708,Green,1690
E14000709,Lab,21549
E14000709,UKIP,6765
E14000709,Con,5502
E14000709,LD,2585
E14000709,Green,1548
E14000710,Lab,20307
E14000710,Con,17321
E14000710,UKIP,6930
E14000710,LD,1906
E14000710,Green,1534
E14000711,Con,22590
E14000711,Lab,12060
E14000711,UKIP,9199
E14000711,LD,1707
E14000711,Green,1133
E14000711,TUSC,273
E14000711,Ind,72
E14000711,Ind,44
E14000712,Con,23837
E14000712,Lab,16586
E14000712,UKIP,7497
E14000712,LD,2828
E14000712,Green,1485
E14000712,MRLP,227
E14000712,TUSC,115
E14000713,Con,26364
E14000713,UKIP,9266
E14000713,Lab,6926
E14000713,LD,3298
E14000713,Green,1707
E14000713,Ind,104
E14000714,Con,28399
E14000714,UKIP,9410
E14000714,Lab,9070
E14000714,LD,3263
E14000714,Green,1872
E14000714,Ind,1017
E14000714,Lincs Ind,724
E14000715,Con,23484
E14000715,Lab,15114
E14000715,UKIP,9306
E14000715,Green,1124
E14000715,LD,1111
E14000716,Lab,13414
E14000716,Con,8874
E14000716,UKIP,8417
E14000716,LD,1680
E14000716,Green,783
E14000716,Ind,390
E14000716,TUSC,173
E14000717,Con,19089
E14000717,Lab,12935
E14000717,UKIP,10270
E14000717,LD,1030
E14000717,Green,978
E14000717,CISTAP,167
E14000718,Lab,24384
E14000718,Con,12438
E14000718,UKIP,3888
E14000718,Green,2991
E14000718,LD,2645
E14000718,TUSC,370
E14000719,Con,30802
E14000719,LD,8354
E14000719,Lab,6534
E14000719,UKIP,4774
E14000719,Green,2558
E14000719,Guildford Greenbelt Group,538
E14000719,TPP,230
E14000719,CISTAP,196
E14000720,Lab,31357
E14000720,Con,7349
E14000720,Green,7281
E14000720,LD,2492
E14000720,UKIP,1085
E14000720,Animal Welfare Party,221
E14000720,Comm Leagu,102
E14000721,Lab,30633
E14000721,Con,6420
E14000721,Green,5519
E14000721,LD,2186
E14000721,UKIP,1818
E14000721,TUSC,302
E14000721,CISTAP,297
E14000721,CPA,236
E14000721,Ind,78
E14000721,WRP,63
E14000721,Campaign,28
E14000722,Con,18933
E14000722,Lab,15851
E14000722,UKIP,7280
E14000722,LD,905
E14000722,Green,849
E14000723,Lab,17506
E14000723,Con,17078
E14000723,UKIP,5621
E14000723,LD,1629
E14000723,Green,1142
E14000723,Respect,465
E14000723,"Christian Party, Proclaiming Christ's Lordship",312
E14000724,Con,26414
E14000724,Lab,10219
E14000724,UKIP,6781
E14000724,LD,3055
E14000724,Green,1809
E14000724,Yorkshire First,479
E14000725,Lab,28292
E14000725,Con,8007
E14000725,UKIP,6333
E14000725,LD,1097
E14000725,Green,1017
E14000725,Ind,277
E14000726,Lab,23981
E14000726,Con,17463
E14000726,LD,2224
E14000726,UKIP,2105
E14000726,Green,2105
E14000726,Ind,82
E14000727,Lab,23977
E14000727,Con,22839
E14000727,LD,3039
E14000727,Green,2387
E14000727,UKIP,1532
E14000727,Ind,113
E14000727,U(niversal) Party,77
E14000728,Con,27675
E14000728,Lab,8043
E14000728,UKIP,7539
E14000728,LD,7037
E14000728,Green,2177
E14000729,Con,21623
E14000729,Lab,13273
E14000729,UKIP,7208
E14000729,Green,954
E14000729,LD,904
E14000729,TUSC,174
E14000729,Eng Dem,115
E14000730,Con,28153
E14000730,LD,11782
E14000730,UKIP,5681
E14000730,Lab,5409
E14000730,Green,2351
E14000731,Con,24668
E14000731,Lab,19911
E14000731,UKIP,2333
E14000731,LD,1037
E14000731,Green,846
E14000731,TUSC,205
E14000732,Lab,21885
E14000732,Con,19677
E14000732,UKIP,2047
E14000732,LD,1567
E14000732,Green,1310
E14000732,Ind,117
E14000733,Lab,14076
E14000733,UKIP,11052
E14000733,Con,8256
E14000733,Ind,2954
E14000733,Green,1341
E14000733,SHH,849
E14000733,LD,761
E14000733,Ind,201
E14000734,Con,24722
E14000734,Lab,9548
E14000734,UKIP,8464
E14000734,LD,3576
E14000734,Green,2122
E14000735,Con,22686
E14000735,Lab,17890
E14000735,UKIP,6786
E14000735,Green,1951
E14000735,LD,1614
E14000736,Con,23159
E14000736,UKIP,9239
E14000736,Lab,7149
E14000736,LD,2929
E14000736,Green,2352
E14000737,Lab,26843
E14000737,Con,11143
E14000737,UKIP,5388
E14000737,LD,888
E14000737,Green,794
E14000738,Con,17882
E14000738,LD,11330
E14000738,Lab,7584
E14000738,UKIP,5283
E14000738,Green,1140
E14000739,Con,26245
E14000739,Lab,11825
E14000739,UKIP,7249
E14000739,LD,2402
E14000739,Green,1660
E14000739,Ind,252
E14000740,Lab,21772
E14000740,Con,9694
E14000740,UKIP,8565
E14000740,LD,1357
E14000740,Yorkshire First,1018
E14000741,Con,24328
E14000741,Lab,20604
E14000741,UKIP,2595
E14000741,LD,1088
E14000741,Green,1015
E14000742,Con,32292
E14000742,Lab,6917
E14000742,LD,6205
E14000742,UKIP,6007
E14000742,Green,3815
E14000743,Con,24844
E14000743,UKIP,7954
E14000743,Lab,6042
E14000743,LD,5002
E14000743,Green,3415
E14000744,Con,31593
E14000744,Lab,10084
E14000744,UKIP,7534
E14000744,LD,4385
E14000744,Green,2681
E14000745,Con,29696
E14000745,Lab,11235
E14000745,UKIP,6383
E14000745,LD,2777
E14000746,Con,22834
E14000746,Lab,10803
E14000746,UKIP,4302
E14000746,LD,2961
E14000746,Green,2445
E14000747,Lab,20926
E14000747,UKIP,15627
E14000747,Con,9268
E14000747,LD,1607
E14000747,Green,1110
E14000748,Con,22836
E14000748,Lab,17942
E14000748,UKIP,5811
E14000748,LD,2389
E14000748,Green,1811
E14000749,Con,31488
E14000749,Lab,11433
E14000749,UKIP,4917
E14000749,LD,4484
E14000749,Green,3053
E14000750,Lab,29062
E14000750,Con,12014
E14000750,Green,7013
E14000750,LD,3555
E14000750,UKIP,2740
E14000750,CISTAP,252
E14000750,Animal Welfare Party,173
E14000750,SEP,108
E14000751,Con,27051
E14000751,UKIP,13977
E14000751,Lab,11103
E14000751,LD,1501
E14000751,Green,1411
E14000751,BNP,193
E14000752,Lab,29417
E14000752,LD,18359
E14000752,Con,5347
E14000752,Green,3146
E14000752,UKIP,1271
E14000752,CPA,118
E14000752,WRP,82
E14000752,Hoi Polloi,45
E14000753,Con,32627
E14000753,UKIP,7969
E14000753,LD,6647
E14000753,Lab,6499
E14000753,Green,2198
E14000753,Something New,375
E14000753,TPP,307
E14000753,Ind,303
E14000754,Lab,21218
E14000754,UKIP,8280
E14000754,Con,7105
E14000754,Green,1095
E14000754,LD,791
E14000755,Lab,22082
E14000755,Con,20846
E14000755,Green,3569
E14000755,UKIP,3265
E14000755,LD,1861
E14000755,Ind,322
E14000755,TUSC,144
E14000755,MRLP,125
E14000756,Lab,18186
E14000756,Con,10841
E14000756,UKIP,5948
E14000756,Green,2798
E14000756,LD,2365
E14000756,TUSC,340
E14000757,Con,29652
E14000757,Lab,10249
E14000757,UKIP,9473
E14000757,LD,4375
E14000757,Green,2178
E14000758,Lab,18076
E14000758,Con,13676
E14000758,UKIP,9154
E14000758,Green,1122
E14000758,LD,859
E14000759,Lab,21463
E14000759,Con,20874
E14000759,UKIP,4355
E14000759,LD,1130
E14000759,Green,1023
E14000759,Ind,87
E14000760,Lab,33232
E14000760,Con,13455
E14000760,UKIP,2705
E14000760,Green,1506
E14000760,LD,1014
E14000761,Con,21794
E14000761,Lab,18061
E14000761,UKIP,5703
E14000761,Green,1736
E14000761,LD,1400
E14000762,Con,28591
E14000762,UKIP,14888
E14000762,Green,9404
E14000762,Lab,8984
E14000762,LD,5235
E14000762,Ind,3198
E14000763,Lab,29659
E14000763,Con,8465
E14000763,Green,5043
E14000763,LD,3984
E14000763,UKIP,1971
E14000763,The Socialist Party of Great Britain,112
E14000764,Lab,22547
E14000764,Con,9839
E14000764,LD,4829
E14000764,UKIP,3375
E14000764,Green,3371
E14000764,CISTAP,309
E14000765,Lab,21464
E14000765,UKIP,7583
E14000765,Con,6584
E14000765,Green,1310
E14000765,LD,1238
E14000765,TUSC,385
E14000766,Con,21766
E14000766,Lab,18713
E14000766,UKIP,5662
E14000766,Green,1661
E14000766,LD,1321
E14000767,Con,28474
E14000767,Lab,7472
E14000767,UKIP,5467
E14000767,LD,4913
E14000767,Green,1956
E14000767,MRLP,370
E14000767,Digital Democracy,139
E14000768,Con,18199
E14000768,Lab,10838
E14000768,LD,1962
E14000768,Green,1765
E14000768,UKIP,1557
E14000768,CISTAP,211
E14000768,Animal Welfare Party,158
E14000768,Green Soc,115
E14000768,New Independent Centralists,23
E14000769,Con,24467
E14000769,Lab,11877
E14000769,UKIP,7600
E14000769,Green,1633
E14000769,LD,1490
E14000769,Eng Dem,151
E14000770,Con,23249
E14000770,LD,20415
E14000770,Lab,8574
E14000770,UKIP,4321
E14000770,Green,2322
E14000770,CPA,198
E14000770,TUSC,174
E14000771,Lab,18180
E14000771,UKIP,7861
E14000771,Con,5593
E14000771,LD,2294
E14000771,Green,806
E14000771,Yorkshire First,270
E14000771,NF,86
E14000771,SDP,54
E14000772,Lab,18661
E14000772,UKIP,5762
E14000772,Con,5306
E14000772,LD,3175
E14000772,Green,2066
E14000772,Yorkshire First,366
E14000773,Lab,15646
E14000773,UKIP,6313
E14000773,Con,5561
E14000773,LD,3169
E14000773,Green,943
E14000773,TUSC,171
E14000774,Con,23252
E14000774,Lab,14246
E14000774,UKIP,7133
E14000774,LD,1827
E14000774,Green,1370
E14000774,BNP,164
E14000774,TUSC,84
E14000774,Vapers In Power,49
E14000775,Lab,39628
E14000775,UKIP,4973
E14000775,Con,3367
E14000775,LD,1490
E14000775,Green,1270
E14000776,Lab,17643
E14000776,Con,16378
E14000776,UKIP,4060
E14000776,Green,2093
E14000776,LD,1390
E14000776,Ind,174
E14000777,Lab,24758
E14000777,Con,7791
E14000777,UKIP,7082
E14000777,Green,3558
E14000777,LD,1529
E14000777,TUSC,330
E14000778,Lab,20530
E14000778,Con,7997
E14000778,UKIP,7256
E14000778,LD,1296
E14000778,Green,1117
E14000779,Lab,23137
E14000779,Con,15887
E14000779,UKIP,3706
E14000779,LD,2569
E14000779,Green,2541
E14000779,Green Soc,451
E14000780,LD,15948
E14000780,Lab,13041
E14000780,Con,8083
E14000780,Green,3042
E14000780,UKIP,2997
E14000780,Yorkshire First,143
E14000780,Green Soc,79
E14000780,The Above and Beyond Party,24
E14000781,Lab,18456
E14000781,Con,7729
E14000781,UKIP,7104
E14000781,Green,3217
E14000781,LD,1495
E14000781,CISTAP,217
E14000781,TUSC,205
E14000782,Lab,29386
E14000782,Con,11034
E14000782,UKIP,4290
E14000782,Green,1468
E14000782,LD,1233
E14000782,TUSC,540
E14000782,Ind,117
E14000783,Lab,27473
E14000783,Con,9628
E14000783,UKIP,3832
E14000783,Green,2533
E14000783,LD,2127
E14000783,TUSC,349
E14000784,Lab,16051
E14000784,Con,8848
E14000784,UKIP,5950
E14000784,Green,1878
E14000784,LD,1507
E14000784,TUSC,288
E14000785,Lab,24312
E14000785,Con,10216
E14000785,UKIP,8903
E14000785,LD,1150
E14000785,Left Unity - Trade Unionists and Socialists,542
E14000786,Con,19206
E14000786,LD,18123
E14000786,UKIP,5427
E14000786,Lab,5000
E14000786,Green,2784
E14000787,Lab,23907
E14000787,Con,9574
E14000787,UKIP,3886
E14000787,LD,2455
E14000787,Green,2429
E14000787,Lewisham People Before Profit,390
E14000787,CPA,282
E14000788,Lab,24347
E14000788,Con,11633
E14000788,Green,4077
E14000788,UKIP,3764
E14000788,LD,3709
E14000788,TUSC,391
E14000788,Ind,160
E14000788,Liberty GB,44
E14000789,Lab,28572
E14000789,Con,7056
E14000789,Green,5932
E14000789,LD,2497
E14000789,UKIP,2013
E14000789,Lewisham People Before Profit,666
E14000789,CPA,300
E14000789,TUSC,286
E14000789,Democratic Reform Party,74
E14000789,Ind,30
E14000790,Lab,23856
E14000790,Con,8939
E14000790,Green,2974
E14000790,UKIP,2341
E14000790,LD,2304
E14000790,Ind,289
E14000791,Con,28389
E14000791,Lab,10200
E14000791,UKIP,8082
E14000791,LD,2700
E14000791,Green,1976
E14000791,Class War,120
E14000792,Con,19976
E14000792,Lab,18533
E14000792,UKIP,5721
E14000792,LD,1992
E14000792,TUSC,344
E14000792,Lincs Ind,286
E14000793,Lab,29835
E14000793,Green,5372
E14000793,Con,4245
E14000793,UKIP,2510
E14000793,LD,1719
E14000793,TUSC,582
E14000794,Lab,31222
E14000794,UKIP,3445
E14000794,Con,1802
E14000794,Green,956
E14000794,LD,899
E14000794,Ind,56
E14000794,The Pluralist Party,23
E14000795,Lab,28401
E14000795,Con,4098
E14000795,UKIP,3375
E14000795,LD,2454
E14000795,Green,2140
E14000795,TUSC,362
E14000795,Ind,144
E14000796,Lab,30842
E14000796,UKIP,3475
E14000796,Con,2710
E14000796,Lib,2049
E14000796,Green,996
E14000796,LD,959
E14000797,Con,25762
E14000797,Lab,16579
E14000797,UKIP,5704
E14000797,LD,2130
E14000797,Green,1845
E14000798,Con,25755
E14000798,UKIP,10778
E14000798,Lab,9077
E14000798,LD,2255
E14000798,Green,1549
E14000798,Lincs Ind,659
E14000798,MRLP,263
E14000799,Con,26093
E14000799,UKIP,7164
E14000799,LD,6469
E14000799,Lab,5902
E14000799,Green,2435
E14000800,Lab,22243
E14000800,Con,12739
E14000800,UKIP,5318
E14000800,LD,1299
E14000800,Green,972
E14000801,Lab,18660
E14000801,Con,12949
E14000801,UKIP,5129
E14000801,LD,3183
E14000801,Green,1237
E14000801,Ind,900
E14000801,Ind,158
E14000802,Con,26063
E14000802,Lab,11252
E14000802,UKIP,6037
E14000802,LD,3842
E14000802,Green,2404
E14000803,Con,35453
E14000803,Lab,6394
E14000803,LD,5337
E14000803,UKIP,4539
E14000803,Green,1915
E14000803,Ind,162
E14000803,Class War,55
E14000804,Con,22745
E14000804,LD,12036
E14000804,UKIP,7930
E14000804,Lab,5268
E14000804,Green,1396
E14000804,National Health Action Party,583
E14000804,Ind,52
E14000805,Lab,23208
E14000805,UKIP,10053
E14000805,Con,8752
E14000805,LD,1639
E14000805,Green,1136
E14000806,Con,29112
E14000806,UKIP,7042
E14000806,Lab,5690
E14000806,Ind,2424
E14000806,LD,2157
E14000806,Green,1504
E14000806,The Sustainable Population Party,116
E14000807,Lab,27772
E14000807,Con,6133
E14000807,UKIP,5033
E14000807,Green,3838
E14000807,LD,1867
E14000807,Pirate,346
E14000807,TUSC,270
E14000807,Comm Leagu,72
E14000808,Lab,28187
E14000808,Green,4108
E14000808,Con,4063
E14000808,UKIP,3434
E14000808,LD,1782
E14000808,TUSC,264
E14000808,Pirate,181
E14000809,Lab,26843
E14000809,LD,11970
E14000809,Con,4872
E14000809,Green,4048
E14000809,UKIP,2172
E14000809,Ind,61
E14000810,Lab,18603
E14000810,Con,13288
E14000810,UKIP,11850
E14000810,LD,1642
E14000810,Green,1486
E14000810,TUSC,324
E14000811,Con,31578
E14000811,UKIP,7665
E14000811,Lab,5656
E14000811,LD,4987
E14000811,Green,1831
E14000812,Con,28791
E14000812,Lab,9996
E14000812,UKIP,8908
E14000812,LD,2638
E14000812,Green,2170
E14000812,Independence from Europe,100
E14000813,Con,32544
E14000813,Lab,9217
E14000813,UKIP,8966
E14000813,LD,4193
E14000813,Green,2462
E14000813,Ind,384
E14000813,MRLP,294
E14000814,Con,24908
E14000814,Lab,12134
E14000814,UKIP,6497
E14000814,LD,2292
E14000814,Green,1898
E14000815,Con,23639
E14000815,LD,13109
E14000815,UKIP,5663
E14000815,Lab,2767
E14000815,Green,1321
E14000816,Con,27206
E14000816,UKIP,9930
E14000816,Lab,9585
E14000816,LD,3300
E14000816,Green,2191
E14000817,Con,32268
E14000817,Lab,7982
E14000817,UKIP,6898
E14000817,LD,6604
E14000817,Green,2453
E14000817,Ind,958
E14000817,MRLP,329
E14000818,Con,29763
E14000818,UKIP,9231
E14000818,Lab,7548
E14000818,LD,3750
E14000818,Green,1933
E14000819,Lab,18584
E14000819,UKIP,6107
E14000819,Con,5388
E14000819,Green,1407
E14000819,LD,1220
E14000820,Lab,19193
E14000820,Con,16925
E14000820,UKIP,6935
E14000820,LD,1564
E14000820,Green,1060
E14000821,Con,27244
E14000821,Lab,17491
E14000821,UKIP,6852
E14000821,LD,3575
E14000821,Green,2255
E14000821,TUSC,163
E14000821,Ind,112
E14000822,Con,27601
E14000822,Lab,18929
E14000822,UKIP,7803
E14000822,LD,2309
E14000822,Green,1936
E14000822,Ind,255
E14000822,Keep It Real Party,116
E14000823,Lab,27380
E14000823,Con,10458
E14000823,UKIP,4287
E14000823,Green,1422
E14000823,LD,1378
E14000823,CPA,217
E14000824,Con,33434
E14000824,LD,7981
E14000824,UKIP,6181
E14000824,Lab,4565
E14000824,Green,2979
E14000825,Con,19691
E14000825,Lab,15101
E14000825,UKIP,5358
E14000825,LD,1612
E14000825,Green,1395
E14000825,Ind,85
E14000826,Con,18776
E14000826,Lab,18354
E14000826,UKIP,7951
E14000826,LD,1426
E14000826,Green,1264
E14000826,Yorkshire First,479
E14000827,Con,27819
E14000827,UKIP,8657
E14000827,Lab,6018
E14000827,LD,4626
E14000827,Green,2327
E14000828,Con,28420
E14000828,UKIP,7816
E14000828,Lab,5133
E14000828,LD,3293
E14000828,Green,2748
E14000829,Con,29834
E14000829,Lab,11360
E14000829,UKIP,6294
E14000829,LD,2385
E14000829,Green,1792
E14000829,Consensus,637
E14000830,Con,34973
E14000830,LD,8605
E14000830,UKIP,6195
E14000830,Lab,4837
E14000830,Green,2324
E14000830,Apol Dem,228
E14000830,Ind,85
E14000830,Patriotic Socialist Party,53
E14000831,Lab,19301
E14000831,Con,6628
E14000831,UKIP,5214
E14000831,LD,2218
E14000831,Green,1724
E14000832,Lab,19378
E14000832,Con,6884
E14000832,UKIP,4910
E14000832,LD,4332
E14000832,Green,3426
E14000832,TUSC,170
E14000832,Comm,122
E14000833,Lab,20689
E14000833,Con,10536
E14000833,UKIP,7447
E14000833,LD,4366
E14000833,Green,1515
E14000833,NEP,338
E14000834,Lab,16520
E14000834,Con,15870
E14000834,UKIP,7252
E14000834,LD,1826
E14000834,Green,1246
E14000834,Ind,283
E14000835,Con,22794
E14000835,LD,11560
E14000835,UKIP,6726
E14000835,Lab,4736
E14000835,Green,2216
E14000835,TUSC,221
E14000836,Lab,25213
E14000836,UKIP,9785
E14000836,Con,9569
E14000836,LD,1330
E14000837,Con,21689
E14000837,LD,15068
E14000837,UKIP,6121
E14000837,Lab,2621
E14000837,Green,2063
E14000837,Meb Ker,631
E14000837,Restore the Family For Children's Sake,52
E14000838,Con,22341
E14000838,LD,15405
E14000838,UKIP,7719
E14000838,Lab,3699
E14000838,Green,3018
E14000838,Comm,138
E14000839,Con,30227
E14000839,UKIP,9109
E14000839,LD,6226
E14000839,Lab,4785
E14000839,Green,3038
E14000840,Lab,22047
E14000840,Con,8403
E14000840,UKIP,6404
E14000840,LD,2046
E14000840,Green,1246
E14000841,Con,34891
E14000841,Lab,9247
E14000841,UKIP,8579
E14000841,LD,3418
E14000841,Green,2537
E14000842,Con,28524
E14000842,UKIP,11650
E14000842,Lab,7476
E14000842,LD,2314
E14000842,Green,1816
E14000843,Lab,19488
E14000843,Con,17605
E14000843,UKIP,7631
E14000843,LD,2004
E14000843,Green,1059
E14000843,Ind,161
E14000844,Con,35573
E14000844,LD,5657
E14000844,Lab,5290
E14000844,UKIP,4732
E14000844,Green,2364
E14000844,MRLP,384
E14000845,Con,28949
E14000845,Lab,9869
E14000845,UKIP,6728
E14000845,LD,3952
E14000845,Green,2789
E14000846,Con,25439
E14000846,Lab,12690
E14000846,UKIP,6150
E14000846,LD,4029
E14000846,Green,2802
E14000847,Con,26716
E14000847,UKIP,6720
E14000847,LD,5768
E14000847,Lab,5478
E14000847,Green,3341
E14000848,LD,19299
E14000848,Con,15256
E14000848,UKIP,8328
E14000848,Lab,5043
E14000848,Green,1488
E14000849,Con,27041
E14000849,Lab,10547
E14000849,UKIP,9262
E14000849,LD,3148
E14000849,Green,2575
E14000850,Con,31540
E14000850,Lab,8441
E14000850,UKIP,7669
E14000850,LD,7486
E14000850,Green,3806
E14000851,Con,26295
E14000851,Lab,14509
E14000851,UKIP,8011
E14000851,Green,1723
E14000851,LD,1704
E14000852,Con,23045
E14000852,UKIP,12097
E14000852,Lab,8411
E14000852,Green,1719
E14000852,LD,1645
E14000852,Party for a United Thanet,136
E14000853,Lab,26191
E14000853,Con,8997
E14000853,UKIP,7618
E14000853,LD,2075
E14000853,Green,1442
E14000853,TUSC,304
E14000853,NF,191
E14000854,Con,20042
E14000854,Lab,17069
E14000854,UKIP,8256
E14000854,LD,978
E14000854,Green,894
E14000854,TUSC,138
E14000855,Con,32070
E14000855,UKIP,12275
E14000855,Lab,10927
E14000855,LD,3479
E14000855,Green,2159
E14000855,CPA,190
E14000856,Lab,20074
E14000856,Con,10018
E14000856,UKIP,7265
E14000856,LD,3894
E14000856,Green,1567
E14000857,Con,32052
E14000857,UKIP,8109
E14000857,Lab,7342
E14000857,LD,5151
E14000857,Green,2541
E14000858,Con,25505
E14000858,Lab,14132
E14000858,UKIP,8704
E14000858,LD,2033
E14000858,Green,1174
E14000859,Con,24727
E14000859,Lab,10779
E14000859,UKIP,8412
E14000859,Green,1780
E14000859,LD,1673
E14000860,Con,28938
E14000860,LD,7892
E14000860,UKIP,5813
E14000860,Lab,4930
E14000860,Green,2350
E14000860,Ind,390
E14000860,Ind,243
E14000861,Con,16699
E14000861,Lab,13454
E14000861,UKIP,6354
E14000861,Green,1503
E14000861,LD,1401
E14000862,Con,16163
E14000862,Lab,12370
E14000862,UKIP,7114
E14000862,LD,1673
E14000862,Green,1403
E14000862,Ind,161
E14000863,Con,19052
E14000863,Lab,14589
E14000863,UKIP,5986
E14000863,Green,1939
E14000863,LD,1894
E14000863,Ind,132
E14000864,Lab,19033
E14000864,Con,11379
E14000864,Green,6749
E14000864,LD,6607
E14000864,UKIP,4539
E14000864,Class War,96
E14000864,Ind,60
E14000865,Lab,19208
E14000865,Con,7314
E14000865,UKIP,3501
E14000865,Green,3473
E14000865,LD,1475
E14000865,Ind,141
E14000865,Ind,97
E14000866,Lab,19283
E14000866,Con,7423
E14000866,UKIP,6542
E14000866,Green,1088
E14000866,LD,847
E14000866,TUSC,160
E14000867,Lab,20697
E14000867,Con,13761
E14000867,UKIP,4900
E14000867,Green,2345
E14000867,LD,1532
E14000867,TUSC,230
E14000868,Con,20827
E14000868,Lab,15945
E14000868,UKIP,6582
E14000868,Green,1281
E14000868,LD,816
E14000868,TUSC,194
E14000868,Eng Dem,104
E14000869,Con,24682
E14000869,Lab,8879
E14000869,UKIP,8528
E14000869,LD,1644
E14000869,Green,1336
E14000869,National Health Action Party,1216
E14000869,"Christian Party, Proclaiming Christ's Lordship",245
E14000869,BNP,218
E14000870,Lab,17529
E14000870,Con,11527
E14000870,UKIP,8557
E14000870,LD,5718
E14000870,Green,1152
E14000871,Lab,23630
E14000871,UKIP,8892
E14000871,Con,8187
E14000871,LD,1589
E14000871,Green,839
E14000872,Con,28152
E14000872,UKIP,8173
E14000872,Lab,7645
E14000872,LD,3330
E14000872,Green,1732
E14000873,Lab,25356
E14000873,Con,10076
E14000873,Green,5890
E14000873,LD,5453
E14000873,UKIP,3451
E14000873,Ind,160
E14000873,MRLP,145
E14000873,TUSC,108
E14000873,The Socialist Party of Great Britain,50
E14000874,Con,26153
E14000874,LD,16571
E14000874,Lab,7274
E14000874,UKIP,3963
E14000874,Green,2497
E14000874,National Health Action Party,723
E14000874,The Socialist Party of Great Britain,66
E14000875,Con,20978
E14000875,Lab,15525
E14000875,UKIP,5415
E14000875,LD,1487
E14000875,Green,1043
E14000876,Lab,19691
E14000876,Con,12968
E14000876,UKIP,10738
E14000876,LD,2957
E14000876,Eng Dem,500
E14000877,Con,26202
E14000877,Lab,6308
E14000877,UKIP,5353
E14000877,LD,3745
E14000877,Green,2313
E14000878,Con,18684
E14000878,Lab,16759
E14000878,UKIP,7485
E14000878,LD,1774
E14000878,Green,1218
E14000878,Lib,639
E14000878,Ind,516
E14000879,Con,16020
E14000879,Lab,14994
E14000879,UKIP,9152
E14000879,LD,1265
E14000879,Green,1023
E14000879,TUSC,152
E14000880,Con,18120
E14000880,Lab,17597
E14000880,UKIP,6731
E14000880,Green,3401
E14000880,LD,2008
E14000880,Comm,106
E14000881,Con,23745
E14000881,UKIP,7956
E14000881,Lab,6102
E14000881,LD,5572
E14000881,Green,2198
E14000881,The Party for Poole People Ltd.,1766
E14000881,Ind,54
E14000882,Lab,29886
E14000882,Con,12962
E14000882,UKIP,3128
E14000882,Green,2463
E14000882,LD,2149
E14000882,TUSC,367
E14000882,Red Flag - Anti-Corruption,89
E14000883,Con,21343
E14000883,Lab,10806
E14000883,UKIP,8660
E14000883,LD,2828
E14000883,Green,1450
E14000883,TUSC,231
E14000883,JACP,72
E14000884,Con,14585
E14000884,LD,9344
E14000884,Lab,8184
E14000884,UKIP,5595
E14000884,Green,3145
E14000884,Ind,716
E14000884,TUSC,235
E14000884,JACP,99
E14000885,Lab,18755
E14000885,Con,6688
E14000885,UKIP,5139
E14000885,Green,1643
E14000885,LD,1244
E14000886,Con,23637
E14000886,Lab,19136
E14000886,UKIP,4689
E14000886,LD,1926
E14000886,Green,1539
E14000887,Con,23018
E14000887,Lab,12838
E14000887,LD,2717
E14000887,Green,2067
E14000887,UKIP,1989
E14000887,Animal Welfare Party,184
E14000888,Con,29088
E14000888,UKIP,11858
E14000888,Lab,6705
E14000888,Ind,2418
E14000888,LD,1622
E14000888,Green,1529
E14000889,Con,23217
E14000889,Lab,16697
E14000889,LD,3719
E14000889,UKIP,3647
E14000889,Green,3214
E14000890,Con,23082
E14000890,Lab,16432
E14000890,UKIP,4826
E14000890,LD,2355
E14000890,Green,1406
E14000890,Ind,156
E14000890,TUSC,83
E14000890,The Roman Party. Ave,64
E14000891,Lab,17946
E14000891,LD,7558
E14000891,UKIP,7516
E14000891,Con,6630
E14000891,Green,880
E14000891,NEP,389
E14000892,Con,20771
E14000892,Lab,13717
E14000892,UKIP,7133
E14000892,LD,1349
E14000892,Green,960
E14000892,Ind,168
E14000893,Con,29151
E14000893,UKIP,6817
E14000893,Lab,6578
E14000893,LD,5369
E14000893,Green,3434
E14000894,Con,25404
E14000894,Lab,11798
E14000894,UKIP,8250
E14000894,LD,2756
E14000894,Green,2193
E14000894,Ind,1498
E14000894,Ind,288
E14000894,Independent Political Alliance Party,56
E14000895,Con,27744
E14000895,UKIP,8194
E14000895,Lab,7124
E14000895,LD,3465
E14000895,Ind,3348
E14000895,Green,2313
E14000895,Ind,1811
E14000896,Con,34404
E14000896,LD,11389
E14000896,Lab,7296
E14000896,Green,3548
E14000896,UKIP,2464
E14000897,Lab,20961
E14000897,UKIP,8519
E14000897,Con,7742
E14000897,LD,4667
E14000897,Rochdale First Party,1535
E14000897,Green,1382
E14000897,NF,433
E14000897,IZB,191
E14000898,Con,23142
E14000898,UKIP,16009
E14000898,Lab,10396
E14000898,Green,1516
E14000898,LD,1251
E14000898,TUSC,202
E14000899,Con,20241
E14000899,Lab,10765
E14000899,UKIP,8948
E14000899,Green,2195
E14000899,LD,1459
E14000900,Con,25067
E14000900,UKIP,11208
E14000900,Lab,10268
E14000900,LD,1413
E14000900,Green,1222
E14000901,Con,26285
E14000901,LD,8573
E14000901,Lab,5749
E14000901,UKIP,5511
E14000901,Green,2280
E14000902,Con,22847
E14000902,Lab,17193
E14000902,UKIP,6862
E14000902,Green,1046
E14000902,LD,806
E14000902,Ind,122
E14000902,TUSC,103
E14000902,The Northern Party,45
E14000903,Lab,20501
E14000903,UKIP,13204
E14000903,Con,10945
E14000903,LD,1992
E14000903,Eng Dem,377
E14000904,Lab,19860
E14000904,UKIP,11414
E14000904,Con,4656
E14000904,LD,1093
E14000904,TUSC,409
E14000904,BNP,225
E14000904,Eng Dem,166
E14000905,Con,24040
E14000905,Lab,13695
E14000905,UKIP,6855
E14000905,LD,2776
E14000905,Green,1415
E14000905,TUSC,225
E14000906,Con,30521
E14000906,Lab,10297
E14000906,UKIP,5598
E14000906,LD,2537
E14000906,Green,1801
E14000906,TUSC,302
E14000906,NLP,166
E14000907,Con,29901
E14000907,Lab,7767
E14000907,UKIP,6951
E14000907,LD,3362
E14000907,Green,2071
E14000908,Con,28354
E14000908,Lab,14525
E14000908,UKIP,5943
E14000908,Green,3559
E14000908,LD,2783
E14000909,Con,30383
E14000909,UKIP,8678
E14000909,Lab,8383
E14000909,LD,4407
E14000909,Green,2325
E14000909,Ind,427
E14000910,Con,32926
E14000910,UKIP,7935
E14000910,Lab,6791
E14000910,LD,6079
E14000910,Green,2174
E14000910,Residents for Uttlesford,1658
E14000911,Lab,21364
E14000911,Con,8823
E14000911,UKIP,7806
E14000911,Green,2251
E14000911,LD,1614
E14000911,We Are The Reality Party,703
E14000911,TUSC,517
E14000911,Pirate,183
E14000912,Con,28192
E14000912,Lab,7771
E14000912,UKIP,6152
E14000912,LD,5099
E14000912,Green,2762
E14000912,Ind,729
E14000913,Con,20613
E14000913,Lab,14413
E14000913,UKIP,8162
E14000913,Green,2185
E14000913,LD,2159
E14000913,Green Soc,207
E14000914,Lab,15393
E14000914,Con,12259
E14000914,UKIP,6329
E14000914,Ind,1097
E14000914,Green,887
E14000914,LD,770
E14000914,Ind,206
E14000915,Lab,18275
E14000915,Con,11432
E14000915,UKIP,6426
E14000915,LD,1370
E14000915,Green,1213
E14000916,Lab,26359
E14000916,Con,14513
E14000916,UKIP,4879
E14000916,LD,2086
E14000916,Green,1184
E14000917,Con,27725
E14000917,Lab,14168
E14000917,UKIP,7389
E14000917,LD,1920
E14000917,Green,1465
E14000917,TUSC,137
E14000918,Con,28531
E14000918,UKIP,8970
E14000918,Lab,6448
E14000918,LD,3937
E14000918,Green,2238
E14000919,Lab,24308
E14000919,Green,6999
E14000919,Con,4917
E14000919,LD,4278
E14000919,UKIP,3296
E14000919,Comm,119
E14000919,Pirate,113
E14000919,Eng Dem,68
E14000919,The Above and Beyond Party,42
E14000919,WRP,33
E14000920,Lab,21439
E14000920,UKIP,9128
E14000920,Con,7242
E14000920,LD,2226
E14000920,Green,1117
E14000920,CISTAP,207
E14000920,TUSC,185
E14000920,Eng Dem,141
E14000921,Lab,22663
E14000921,UKIP,8856
E14000921,Con,4407
E14000921,LD,1802
E14000921,Green,1712
E14000921,TUSC,442
E14000921,Eng Dem,171
E14000922,LD,22215
E14000922,Lab,19862
E14000922,Con,7544
E14000922,UKIP,3575
E14000922,Green,1772
E14000922,Ind,249
E14000922,Eng Dem,167
E14000922,Ind,97
E14000923,Lab,20269
E14000923,UKIP,7315
E14000923,Con,6792
E14000923,LD,4746
E14000923,Green,2566
E14000923,TUSC,238
E14000923,Eng Dem,122
E14000924,Con,22833
E14000924,Lab,18186
E14000924,UKIP,7399
E14000924,Green,1108
E14000924,LD,1094
E14000924,Class War,78
E14000925,Con,25269
E14000925,Lab,15645
E14000925,UKIP,4479
E14000925,Green,2657
E14000925,LD,1949
E14000925,Yorkshire First,543
E14000926,Con,24628
E14000926,Lab,15063
E14000926,UKIP,7813
E14000926,LD,4268
E14000926,Green,2247
E14000926,Children of the Atom,83
E14000927,Con,24425
E14000927,UKIP,12257
E14000927,Lab,9673
E14000927,LD,1563
E14000927,Green,1185
E14000927,MRLP,275
E14000928,Con,30248
E14000928,Lab,9487
E14000928,UKIP,7651
E14000928,LD,4057
E14000928,Green,3116
E14000929,Con,34805
E14000929,Lab,10690
E14000929,UKIP,9716
E14000929,LD,3500
E14000929,Lincs Ind,3233
E14000930,Lab,23421
E14000930,Con,16085
E14000930,UKIP,6274
E14000930,LD,1275
E14000930,Green,1220
E14000931,Con,26956
E14000931,LD,14054
E14000931,UKIP,6361
E14000931,Lab,5693
E14000931,Green,1632
E14000931,Independence from Europe,50
E14000931,The Democratic Party,33
E14000932,Con,31960
E14000932,LD,11692
E14000932,UKIP,6439
E14000932,Green,5434
E14000932,Lab,4419
E14000932,Ind,365
E14000933,Con,19788
E14000933,UKIP,12097
E14000933,Lab,11493
E14000933,LD,1356
E14000933,Ind,401
E14000933,Ind,253
E14000933,Ind,205
E14000934,Con,31454
E14000934,Lab,10860
E14000934,LD,9368
E14000934,UKIP,6010
E14000934,Green,3848
E14000935,Con,25066
E14000935,Lab,13595
E14000935,UKIP,8998
E14000935,LD,1887
E14000935,Green,1216
E14000936,Con,23756
E14000936,Lab,11762
E14000936,UKIP,7304
E14000936,LD,2901
E14000936,Green,2275
E14000936,Ind,435
E14000936,MAD,164
E14000937,Con,28845
E14000937,LD,12008
E14000937,Lab,9013
E14000937,UKIP,6593
E14000937,Green,3047
E14000938,Con,25516
E14000938,LD,8521
E14000938,UKIP,7698
E14000938,Lab,4692
E14000938,Green,2718
E14000938,Meb Ker,1003
E14000938,Ind,350
E14000939,Con,29303
E14000939,UKIP,10736
E14000939,Lab,6122
E14000939,Green,1580
E14000939,LD,1466
E14000940,Con,28700
E14000940,Lab,11876
E14000940,UKIP,9363
E14000940,LD,3987
E14000941,Con,30995
E14000941,Lab,10502
E14000941,UKIP,7847
E14000941,LD,4689
E14000941,Green,3090
E14000942,Con,36607
E14000942,Lab,10191
E14000942,UKIP,8204
E14000942,LD,3613
E14000942,Green,2247
E14000943,Con,24313
E14000943,Lab,18368
E14000943,UKIP,7377
E14000943,LD,2312
E14000944,Lab,18589
E14000944,UKIP,7975
E14000944,Con,6021
E14000944,Green,1614
E14000944,Ind,1427
E14000944,LD,639
E14000945,Con,29478
E14000945,Lab,9107
E14000945,UKIP,8267
E14000945,LD,1448
E14000945,Green,1298
E14000946,Con,27546
E14000946,Lab,10001
E14000946,UKIP,7897
E14000946,LD,4044
E14000946,Green,2253
E14000946,CPA,166
E14000947,Con,22777
E14000947,Lab,16992
E14000947,UKIP,5920
E14000947,LD,1817
E14000947,Green,1757
E14000948,Con,18838
E14000948,UKIP,16026
E14000948,Lab,11740
E14000948,Green,1076
E14000948,LD,932
E14000948,Ind,318
E14000948,Manston Airport Independent Party,191
E14000948,We Are The Reality Party,126
E14000948,Party for a United Thanet,63
E14000948,Ind,61
E14000948,Al-Zebabist Nation of Ooog,30
E14000949,Con,28212
E14000949,Lab,10399
E14000949,UKIP,7941
E14000949,LD,2646
E14000949,Green,2106
E14000950,Con,28500
E14000950,Lab,8391
E14000950,UKIP,7306
E14000950,LD,3767
E14000950,Green,2408
E14000951,Con,32608
E14000951,Lab,9345
E14000951,UKIP,6603
E14000951,LD,5872
E14000951,Green,2583
E14000951,CSP,256
E14000952,Con,25515
E14000952,UKIP,11654
E14000952,Lab,8649
E14000952,LD,2217
E14000952,Green,2075
E14000953,Con,34199
E14000953,UKIP,5643
E14000953,Lab,5415
E14000953,National Health Action Party,4851
E14000953,LD,3586
E14000953,Green,3105
E14000953,Something New,320
E14000954,Con,27198
E14000954,UKIP,9030
E14000954,Lab,6948
E14000954,LD,5482
E14000954,Green,2985
E14000955,Con,18656
E14000955,Lab,16340
E14000955,UKIP,6010
E14000955,Green,1876
E14000955,LD,1595
E14000955,TUSC,233
E14000956,Lab,18017
E14000956,Con,14207
E14000956,UKIP,5566
E14000956,Green,2568
E14000956,LD,2121
E14000956,Ind,770
E14000956,TUSC,403
E14000957,Con,22175
E14000957,Lab,8154
E14000957,UKIP,7803
E14000957,LD,4129
E14000957,Green,2083
E14000957,Eng Dem,165
E14000958,LD,13652
E14000958,Con,12330
E14000958,Lab,8468
E14000958,UKIP,7429
E14000958,Green,1230
E14000958,Southport Party,992
E14000959,Con,24386
E14000959,UKIP,10234
E14000959,Lab,9114
E14000959,LD,3163
E14000959,Green,1724
E14000959,Ind,230
E14000959,TUSC,228
E14000960,Con,25392
E14000960,Lab,12660
E14000960,LD,10076
E14000960,UKIP,4271
E14000960,Green,2034
E14000961,Con,20250
E14000961,LD,12077
E14000961,UKIP,8503
E14000961,Lab,5150
E14000961,Green,2318
E14000961,Meb Ker,2063
E14000962,Lab,26378
E14000962,Con,9087
E14000962,UKIP,6983
E14000962,LD,2046
E14000962,Green,1762
E14000963,Lab,28950
E14000963,Con,7707
E14000963,UKIP,6766
E14000963,LD,2737
E14000963,Green,2237
E14000964,Con,18491
E14000964,LD,16022
E14000964,UKIP,5720
E14000964,Lab,4510
E14000964,Green,3051
E14000964,Meb Ker,518
E14000965,Con,23606
E14000965,Lab,14429
E14000965,UKIP,6293
E14000965,National Health Action Party,1701
E14000965,Green,1390
E14000965,LD,1348
E14000966,Con,21770
E14000966,Lab,11596
E14000966,UKIP,6236
E14000966,LD,1759
E14000966,Green,1226
E14000967,Lab,18447
E14000967,Con,11761
E14000967,UKIP,7720
E14000967,Green,1850
E14000967,LD,1256
E14000968,Con,21291
E14000968,Lab,16336
E14000968,UKIP,6864
E14000968,LD,1582
E14000968,Green,1369
E14000968,TUSC,175
E14000968,Eng Dem,115
E14000968,Ind,67
E14000969,Lab,19771
E14000969,Con,9710
E14000969,UKIP,5206
E14000969,LD,3034
E14000969,Green,1753
E14000969,Left Unity,175
E14000970,Lab,19436
E14000970,Con,11069
E14000970,UKIP,7581
E14000970,LD,884
E14000970,NEP,601
E14000971,Con,24221
E14000971,Lab,19175
E14000971,UKIP,5480
E14000971,LD,1366
E14000971,Green,952
E14000971,Ind,603
E14000972,Lab,12220
E14000972,UKIP,7041
E14000972,Con,7008
E14000972,Ind,2120
E14000972,LD,1296
E14000972,Green,1123
E14000972,CISTAP,244
E14000972,Ubuntu Party,32
E14000973,Lab,15429
E14000973,Con,10593
E14000973,UKIP,9542
E14000973,LD,1137
E14000973,Green,1091
E14000973,Ind,508
E14000973,Ind,354
E14000974,Lab,15319
E14000974,Con,12780
E14000974,UKIP,8298
E14000974,LD,1309
E14000974,Green,1029
E14000974,TUSC,372
E14000975,Con,25733
E14000975,Lab,9483
E14000975,UKIP,7620
E14000975,LD,2473
E14000975,Green,1191
E14000975,Ind,531
E14000976,Con,21195
E14000976,Lab,14501
E14000976,UKIP,7774
E14000976,LD,1538
E14000976,Green,1021
E14000977,Con,29674
E14000977,UKIP,6798
E14000977,Lab,6677
E14000977,LD,6182
E14000977,Green,2128
E14000978,Lab,26474
E14000978,Con,12540
E14000978,LD,4491
E14000978,Green,4421
E14000978,UKIP,1602
E14000978,CISTAP,192
E14000978,TUSC,164
E14000978,WRP,49
E14000979,Lab,24601
E14000979,Con,12916
E14000979,UKIP,5068
E14000979,Green,2187
E14000979,LD,1362
E14000979,The Whig Party,169
E14000979,Population Party UK,83
E14000980,Con,27813
E14000980,Lab,22947
E14000980,UKIP,4848
E14000980,Green,2779
E14000980,LD,2086
E14000980,Ind,246
E14000980,Free Public Transport Party,100
E14000981,Con,28855
E14000981,Lab,10013
E14000981,UKIP,8655
E14000981,LD,4777
E14000981,Green,3294
E14000982,Lab,20959
E14000982,Con,9780
E14000982,UKIP,7997
E14000982,Green,1706
E14000982,LD,1105
E14000982,Ind,215
E14000983,Con,32582
E14000983,UKIP,7778
E14000983,Lab,6100
E14000983,LD,4937
E14000983,Green,2400
E14000983,"Christian Party, Proclaiming Christ's Lordship",361
E14000983,Ind,273
E14000984,Con,20732
E14000984,LD,16811
E14000984,Lab,5546
E14000984,UKIP,5341
E14000984,Green,1051
E14000984,National Health Action Party,345
E14000984,TUSC,79
E14000985,Con,27782
E14000985,Lab,11365
E14000985,UKIP,7489
E14000985,LD,2627
E14000985,Green,1426
E14000985,Ubuntu Party,165
E14000986,Con,23606
E14000986,Lab,12304
E14000986,UKIP,8727
E14000986,LD,1427
E14000986,Green,1110
E14000987,Con,26552
E14000987,Lab,8311
E14000987,UKIP,4871
E14000987,LD,3850
E14000987,Green,1714
E14000988,Con,27849
E14000988,LD,12358
E14000988,UKIP,6921
E14000988,Lab,5347
E14000988,Green,2630
E14000988,Ind,2568
E14000988,TUSC,118
E14000988,Ind,96
E14000989,Con,16094
E14000989,Lab,15364
E14000989,UKIP,7330
E14000989,Green,930
E14000989,LD,927
E14000990,Con,30176
E14000990,Lab,8204
E14000990,LD,7629
E14000990,UKIP,7128
E14000990,Green,2207
E14000991,Con,32045
E14000991,LD,10568
E14000991,UKIP,6188
E14000991,Lab,5240
E14000991,Green,2626
E14000992,Con,22579
E14000992,Lab,11836
E14000992,UKIP,7620
E14000992,LD,1959
E14000992,Green,1443
E14000993,Con,27545
E14000993,Lab,8089
E14000993,UKIP,7805
E14000993,LD,4703
E14000993,Green,2404
E14000993,Lib,1127
E14000993,Ind,692
E14000994,Con,19924
E14000994,LD,18429
E14000994,UKIP,5126
E14000994,Lab,3775
E14000994,Green,1316
E14000995,Con,16692
E14000995,Lab,16156
E14000995,UKIP,15718
E14000995,LD,644
E14000995,CISTAP,244
E14000995,Ind,79
E14000995,All People's Party,31
E14000996,Con,29030
E14000996,UKIP,8857
E14000996,Lab,6835
E14000996,LD,5626
E14000996,Green,3415
E14000997,Con,31887
E14000997,UKIP,8153
E14000997,Lab,7604
E14000997,LD,3660
E14000997,Green,2366
E14000998,Lab,25263
E14000998,Con,22421
E14000998,Green,2201
E14000998,LD,2107
E14000998,UKIP,1537
E14000999,Con,19551
E14000999,LD,16265
E14000999,UKIP,6540
E14000999,Lab,4166
E14000999,Green,1557
E14001000,Con,28774
E14001000,UKIP,10371
E14001000,LD,7483
E14001000,Lab,6015
E14001000,Green,3941
E14001001,Con,24941
E14001001,UKIP,6656
E14001001,Lab,5988
E14001001,Green,4845
E14001001,LD,4667
E14001002,Lab,28654
E14001002,Con,5090
E14001002,Green,3931
E14001002,LD,1756
E14001002,UKIP,1512
E14001002,TUSC,1324
E14001002,TPP,291
E14001003,Con,22681
E14001003,LD,8681
E14001003,Lab,7814
E14001003,UKIP,5967
E14001003,Green,4483
E14001003,Ind,792
E14001003,Meb Ker,563
E14001003,National Health Action Party,526
E14001003,The Principles of Politics Party,37
E14001004,Con,30181
E14001004,Lab,7307
E14001004,UKIP,6481
E14001004,LD,4342
E14001004,Green,2659
E14001004,Ind,458
E14001005,Con,25580
E14001005,LD,23563
E14001005,Lab,7129
E14001005,UKIP,3069
E14001005,Green,2463
E14001005,"Christian Party, Proclaiming Christ's Lordship",174
E14001005,Magna Carta,26
E14001006,Lab,25791
E14001006,Con,17551
E14001006,UKIP,6541
E14001006,Green,2017
E14001006,LD,1595
E14001007,Con,22511
E14001007,Lab,11816
E14001007,UKIP,6346
E14001007,LD,2215
E14001007,Green,1414
E14001007,TUSC,180
E14001007,Ind,84
E14001007,MRLP,72
E14001007,Communities United Party,52
E14001007,The Eccentric Party of Great Britain,50
E14001007,Ind,39
E14001007,The Realists' Party,18
E14001007,Ind,14
E14001008,Lab,25778
E14001008,Con,13070
E14001008,Green,3658
E14001008,LD,3312
E14001008,UKIP,1385
E14001008,Pirate,201
E14001008,Left Unity,188
E14001008,CISTAP,164
E14001008,The Whig Party,103
E14001008,The Socialist Party of Great Britain,82
E14001009,Lab,17301
E14001009,Con,14688
E14001009,UKIP,7862
E14001009,LD,1483
E14001009,Green,1069
E14001009,TUSC,287
E14001009,CISTAP,283
E14001010,Lab,26176
E14001010,Con,9828
E14001010,UKIP,5063
E14001010,Green,1288
E14001010,LD,1011
E14001011,Lab,14392
E14001011,Con,12455
E14001011,UKIP,8122
E14001011,LD,840
E14001011,TUSC,545
E14001011,Green,529
E14001012,Lab,19740
E14001012,Con,13733
E14001012,UKIP,6540
E14001012,Green,1149
E14001012,LD,676
E14001013,Lab,28779
E14001013,Con,5584
E14001013,Green,2661
E14001013,UKIP,2507
E14001013,LD,1661
E14001013,TUSC,394
E14001013,Ind,129
E14001013,WRP,81
E14001014,Lab,19267
E14001014,Con,8386
E14001014,UKIP,7014
E14001014,LD,2407
E14001014,Green,1454
E14001015,Con,31092
E14001015,Lab,9343
E14001015,LD,7611
E14001015,UKIP,7288
E14001015,Green,2986
E14001016,Lab,22012
E14001016,Con,7310
E14001016,UKIP,6237
E14001016,Green,1465
E14001016,LD,805
E14001017,Lab,21720
E14001017,Con,12797
E14001017,UKIP,7757
E14001017,LD,1881
E14001017,Green,1264
E14001018,Con,25928
E14001018,Lab,23178
E14001018,UKIP,4909
E14001018,LD,3335
E14001018,Green,1765
E14001018,TUSC,238
E14001019,Con,24249
E14001019,Lab,17643
E14001019,UKIP,4183
E14001019,LD,2512
E14001019,Green,1994
E14001020,Lab,20478
E14001020,UKIP,7321
E14001020,Con,7033
E14001020,Green,1091
E14001020,LD,993
E14001020,TUSC,341
E14001021,Con,24400
E14001021,Lab,14606
E14001021,LD,10152
E14001021,UKIP,5481
E14001021,Green,1332
E14001021,TUSC,178
E14001022,Con,22104
E14001022,Lab,19696
E14001022,UKIP,7580
E14001022,Green,1761
E14001022,LD,1055
E14001023,Con,32508
E14001023,UKIP,9541
E14001023,Lab,6165
E14001023,LD,5180
E14001023,Green,3623
E14001024,Con,20227
E14001024,Lab,19421
E14001024,UKIP,4547
E14001024,LD,1395
E14001024,Green,1183
E14001024,TUSC,94
E14001025,Con,26265
E14001025,UKIP,9868
E14001025,Lab,9839
E14001025,LD,2240
E14001025,Green,2218
E14001026,Con,26247
E14001026,LD,18662
E14001026,UKIP,5644
E14001026,Lab,3780
E14001026,Green,2331
E14001026,Ind,83
E14001026,The Birthday Party,81
E14001026,Ind,76
E14001027,Con,25281
E14001027,Lab,13128
E14001027,UKIP,6556
E14001027,LD,3140
E14001027,Green,1742
E14001027,Ind,216
E14001027,TUSC,142
E14001028,Lab,24571
E14001028,UKIP,10733
E14001028,Con,6441
E14001028,LD,1135
E14001028,Eng Dem,309
E14001029,Lab,18817
E14001029,Con,9347
E14001029,UKIP,7949
E14001029,LD,751
E14001029,Green,628
E14001030,Lab,16578
E14001030,UKIP,8836
E14001030,Con,8365
E14001030,Green,697
E14001030,LD,550
E14001031,Con,28329
E14001031,LD,12199
E14001031,UKIP,7055
E14001031,Lab,5633
E14001031,Green,3242
E14001032,Lab,36132
E14001032,Con,8146
E14001032,UKIP,3950
E14001032,Green,2651
E14001032,LD,1430
E14001032,CPA,369
E14001032,Communities United Party,115
E14001033,Lab,24474
E14001033,Con,16114
E14001033,UKIP,6058
E14001033,Green,1582
E14001033,LD,1298
E14001033,War Veteran's Pro-Traditional Family Party,150
E14001034,Con,25684
E14001034,UKIP,10700
E14001034,Lab,8604
E14001034,LD,2465
E14001034,Green,1779
E14001035,Con,30342
E14001035,UKIP,7764
E14001035,Lab,7244
E14001035,LD,5245
E14001035,Green,3505
E14001036,Lab,18504
E14001036,Con,16527
E14001036,UKIP,1489
E14001036,LD,1457
E14001036,Green,1322
E14001036,"Christian Party, Proclaiming Christ's Lordship",152
E14001036,Ind,63
E14001037,LD,25194
E14001037,Con,16245
E14001037,UKIP,3031
E14001037,Lab,2661
E14001037,Green,1798
E14001038,Con,25203
E14001038,Lab,9594
E14001038,UKIP,9366
E14001038,LD,5486
E14001038,Green,2592
E14001038,Eng Dem,311
E14001039,Lab,23625
E14001039,Con,9389
E14001039,UKIP,8818
E14001039,Green,1273
E14001039,LD,1255
E14001039,Ind,768
E14001039,Ind,165
E14001040,Con,25225
E14001040,Lab,12606
E14001040,LD,6129
E14001040,UKIP,2476
E14001040,Green,1986
E14001041,Con,30425
E14001041,LD,13511
E14001041,Lab,4613
E14001041,UKIP,4122
E14001041,Green,2645
E14001042,Con,31797
E14001042,Lab,6714
E14001042,UKIP,4992
E14001042,LD,4323
E14001042,Green,1834
E14001042,Ind,500
E14001043,Lab,20165
E14001043,Con,15566
E14001043,UKIP,3737
E14001043,LD,1474
E14001043,Green,895
E14001044,Lab,18898
E14001044,Con,18481
E14001044,UKIP,2772
E14001044,LD,1433
E14001044,Ind,274
E14001045,Con,27123
E14001045,UKIP,7569
E14001045,Lab,7467
E14001045,LD,2891
E14001045,Green,2038
E14001045,CPA,80
E14001046,Con,35201
E14001046,Lab,10046
E14001046,UKIP,5352
E14001046,LD,3953
E14001046,Green,2970
E14001046,National Health Action Party,616
E14001046,Wessex Reg,110
E14001046,Ind,94
E14001046,Reduce VAT in Sport,56
E14001046,Give Me Back Elmo,37
E14001046,Land Party,35
E14001046,Ind,12
E14001047,Con,29199
E14001047,Lab,8389
E14001047,LD,6047
E14001047,UKIP,5873
E14001047,Green,2109
E14001047,CISTAP,229
E14001047,Magna Carta Conservation Party Great Britain,77
E14001047,The Evolution Party,41
E14001048,Con,32329
E14001048,Lab,8132
E14001048,LD,7572
E14001048,UKIP,5516
E14001048,Green,2092
E14001048,Ind,358
E14001049,Lab,15669
E14001049,Con,10174
E14001049,UKIP,6524
E14001049,LD,935
E14001049,Green,701
E14001050,Lab,18539
E14001050,Con,7761
E14001050,UKIP,7061
E14001050,LD,798
E14001050,Green,605
E14001051,Lab,17374
E14001051,Con,16573
E14001051,UKIP,4310
E14001051,Green,1058
E14001051,LD,845
E14001051,Ind,49
E14001052,Con,22534
E14001052,Lab,16888
E14001052,UKIP,6378
E14001052,Green,2024
E14001052,LD,1677
E14001052,TUSC,153
E14001052,Ind,69
E14001053,Lab,16282
E14001053,Con,11596
E14001053,UKIP,7538
E14001053,LD,1708
E14001053,Green,1149
E14001053,Ind,190
E14001054,Lab,18600
E14001054,Con,12654
E14001054,UKIP,7688
E14001054,Green,1242
E14001054,LD,1100
E14001054,TUSC,380
E14001054,We Are The Reality Party,200
E14001054,Ind,184
E14001055,Con,26124
E14001055,UKIP,9269
E14001055,Lab,7955
E14001055,LD,4477
E14001055,Green,2938
E14001056,Con,26444
E14001056,Lab,11588
E14001056,UKIP,5198
E14001056,LD,4546
E14001056,Green,3086
E14001056,Ind,577
E14001057,Con,26528
E14001057,Lab,12377
E14001057,UKIP,6577
E14001057,LD,2712
E14001057,Green,1699
E14001058,Con,22394
E14001058,Lab,9523
E14001058,UKIP,7967
E14001058,ICHC,7211
E14001058,LD,1228
E14001058,Green,1117
E14001059,Lab,21693
E14001059,Con,11124
E14001059,UKIP,6354
E14001059,LD,1927
E14001059,Green,1658
E14001059,MRLP,292
E14001059,TUSC,215
E14001060,Con,24178
E14001060,LD,18865
E14001060,UKIP,7646
E14001060,Lab,4053
E14001060,Green,2191
E14001061,Lab,20212
E14001061,Con,13496
E14001061,UKIP,4795
E14001061,Green,4791
E14001061,LD,3804
E14001061,Yorkshire First,291
E14001061,TUSC,288
E14001062,Con,26477
E14001062,Lab,13348
E14001062,LD,6269
E14001062,UKIP,5251
E14001062,Green,2558
N06000001,DUP,19575
N06000001,Alliance,16978
N06000001,Con,1121
N06000001,Green,1058
N06000001,SF,823
N06000001,SDLP,127
N06000002,DUP,19096
N06000002,SF,13770
N06000002,SDLP,3338
N06000002,Alliance,2941
N06000002,WP,919
N06000002,Ind,529
N06000003,SDLP,9560
N06000003,DUP,8654
N06000003,Alliance,6711
N06000003,SF,5402
N06000003,UUP,3549
N06000003,Green,2238
N06000003,UKIP,1900
N06000003,Con,582
N06000003,WP,361
N06000004,SF,19163
N06000004,PBPA,6798
N06000004,SDLP,3475
N06000004,DUP,2773
N06000004,UUP,1088
N06000004,UKIP,765
N06000004,Alliance,636
N06000004,WP,597
N06000004,Con,34
N06000005,DUP,12103
N06000005,UUP,6308
N06000005,Alliance,5021
N06000005,UKIP,3660
N06000005,SF,2314
N06000005,TUV,1903
N06000005,SDLP,1639
N06000005,Con,549
N06000006,DUP,14663
N06000006,SF,6859
N06000006,UUP,5333
N06000006,SDLP,4268
N06000006,Alliance,2642
N06000006,CISTAP,527
N06000006,Con,422
N06000007,UUP,23608
N06000007,SF,23078
N06000007,SDLP,2732
N06000007,Green,788
N06000007,Alliance,658
N06000008,SDLP,17725
N06000008,SF,11679
N06000008,DUP,4573
N06000008,UUP,1226
N06000008,Alliance,835
N06000008,UKIP,832
N06000008,Con,132
N06000009,DUP,19055
N06000009,UUP,6055
N06000009,Alliance,5544
N06000009,SDLP,2500
N06000009,UKIP,2200
N06000009,TUV,1887
N06000009,SF,1144
N06000009,Ind,756
N06000009,Con,654
N06000010,SF,19935
N06000010,UUP,6318
N06000010,DUP,5465
N06000010,SDLP,5055
N06000010,TUV,1892
N06000010,UKIP,863
N06000010,Alliance,778
N06000010,WP,496
N06000010,Con,120
N06000011,SF,20488
N06000011,UUP,16312
N06000011,SDLP,12026
N06000011,Alliance,841
N06000011,Con,210
N06000012,DUP,18107
N06000012,TUV,6561
N06000012,SF,5143
N06000012,UUP,5054
N06000012,SDLP,2925
N06000012,Alliance,2351
N06000012,UKIP,1341
N06000012,Con,368
N06000012,Ind,57
N06000013,Ind,17689
N06000013,DUP,8487
N06000013,Alliance,3086
N06000013,Green,1958
N06000013,Con,1593
N06000013,UKIP,1482
N06000013,TUV,686
N06000013,SDLP,355
N06000013,CISTAP,338
N06000013,SF,273
N06000014,UUP,11942
N06000014,DUP,10993
N06000014,SF,4699
N06000014,Alliance,3576
N06000014,SDLP,2990
N06000014,TUV,1908
N06000014,Con,415
N06000015,SDLP,18077
N06000015,SF,12186
N06000015,UUP,3964
N06000015,DUP,3486
N06000015,UKIP,3044
N06000015,Alliance,1622
N06000015,Con,318
N06000016,DUP,15053
N06000016,UUP,4868
N06000016,Alliance,4687
N06000016,SDLP,2335
N06000016,UKIP,2237
N06000016,Con,2167
N06000016,TUV,1701
N06000016,SF,876
N06000017,DUP,15430
N06000017,UUP,13166
N06000017,SF,11593
N06000017,SDLP,4238
N06000017,Alliance,1780
N06000017,CISTAP,460
N06000017,WP,351
N06000017,Con,201
N06000018,SF,16807
N06000018,DUP,6747
N06000018,SDLP,6444
N06000018,UUP,6144
N06000018,Alliance,869
N06000018,Green,780
N06000018,CISTAP,528
N06000018,Con,169
N06000018,Ind,166
S14000001,SNP,24793
S14000001,Lab,11397
S14000001,Con,5304
S14000001,LD,2050
S14000001,TUSC,206
S14000001,NF,186
S14000002,SNP,20221
S14000002,Lab,12991
S14000002,Con,11087
S14000002,LD,2252
S14000002,Green,964
S14000002,UKIP,897
S14000002,Ind,139
S14000003,SNP,23887
S14000003,Lab,15108
S14000003,Con,3389
S14000003,UKIP,1088
S14000003,LD,678
S14000003,Ind,136
S14000004,SNP,24130
S14000004,Con,12900
S14000004,Lab,3919
S14000004,UKIP,1355
S14000004,LD,1216
S14000004,Green,965
S14000005,SNP,22959
S14000005,LD,14486
S14000005,Con,7733
S14000005,Lab,5394
S14000005,UKIP,1311
S14000006,SNP,25492
S14000006,Lab,14227
S14000006,Con,10355
S14000006,UKIP,1280
S14000006,LD,855
S14000007,SNP,27487
S14000007,Con,13148
S14000007,Lab,2647
S14000007,LD,2347
S14000008,SNP,20145
S14000008,Con,19817
S14000008,LD,10294
S14000008,Lab,2700
S14000008,UKIP,1316
S14000008,Green,631
S14000008,Ind,135
S14000009,SNP,15831
S14000009,LD,11987
S14000009,Lab,3061
S14000009,Con,2326
S14000009,UKIP,981
S14000010,SNP,26999
S14000010,Lab,13410
S14000010,Con,8803
S14000010,LD,917
S14000010,Green,645
S14000011,SNP,28696
S14000011,Lab,17195
S14000011,Con,3209
S14000011,UKIP,1049
S14000011,LD,549
S14000012,SNP,29572
S14000012,Lab,14820
S14000012,Con,3891
S14000012,LD,1099
S14000013,SNP,23440
S14000013,Con,16926
S14000013,Lab,13982
S14000013,UKIP,1301
S14000013,LD,953
S14000014,Con,20759
S14000014,SNP,19961
S14000014,Lab,7711
S14000014,UKIP,1472
S14000014,LD,1392
S14000014,Green,839
S14000015,SNP,28765
S14000015,Lab,9603
S14000015,Con,7206
S14000015,LD,1387
S14000015,Green,895
S14000015,CISTAP,225
S14000015,TUSC,104
S14000016,SNP,27684
S14000016,Lab,10592
S14000016,Con,3852
S14000016,Green,1225
S14000016,LD,1057
S14000016,TUSC,304
S14000017,SNP,28096
S14000017,Lab,17744
S14000017,Con,6623
S14000017,LD,2232
S14000017,Green,1195
S14000018,SNP,22093
S14000018,LD,19926
S14000018,Lab,6754
S14000018,Con,4727
S14000018,Green,804
S14000018,UKIP,567
S14000019,SNP,33678
S14000019,Lab,17151
S14000019,Con,7129
S14000019,UKIP,1221
S14000019,LD,1042
S14000019,Ind,318
S14000020,SNP,25104
S14000020,Lab,18301
S14000020,Con,11511
S14000020,LD,1517
S14000020,Green,1245
S14000020,UKIP,1178
S14000020,Ind,158
S14000021,SNP,23013
S14000021,Lab,19295
S14000021,Con,12465
S14000021,LD,1069
S14000021,UKIP,888
S14000022,SNP,23188
S14000022,Lab,14082
S14000022,Con,4670
S14000022,Green,2809
S14000022,LD,1325
S14000022,UKIP,898
S14000022,TUSC,117
S14000023,SNP,23742
S14000023,Lab,18145
S14000023,Con,9378
S14000023,Green,3140
S14000023,LD,2634
S14000023,UKIP,847
S14000023,Left Unity - Trade Unionists and Socialists,122
S14000024,Lab,19293
S14000024,SNP,16656
S14000024,Con,8626
S14000024,Green,2090
S14000024,LD,1823
S14000024,UKIP,601
S14000024,SSP,197
S14000025,SNP,22168
S14000025,Lab,14033
S14000025,Con,10444
S14000025,Green,1965
S14000025,LD,1920
S14000025,UKIP,1072
S14000026,SNP,21378
S14000026,LD,18168
S14000026,Con,6732
S14000026,Lab,6425
S14000026,Green,1140
S14000026,UKIP,1015
S14000027,SNP,8662
S14000027,Lab,4560
S14000027,Con,1215
S14000027,"Christian Party, Proclaiming Christ's Lordship",1045
S14000027,LD,456
S14000028,SNP,34831
S14000028,Lab,15130
S14000028,Con,7325
S14000028,UKIP,1829
S14000028,LD,1225
S14000029,SNP,20658
S14000029,Lab,12996
S14000029,Con,2359
S14000029,Green,1559
S14000029,UKIP,786
S14000029,LD,612
S14000029,CISTAP,171
S14000029,TUSC,119
S14000029,SEP,58
S14000030,SNP,24116
S14000030,Lab,13729
S14000030,Con,2544
S14000030,UKIP,1105
S14000030,Green,381
S14000030,LD,318
S14000030,Soc,224
S14000031,SNP,19610
S14000031,Lab,10315
S14000031,Con,2901
S14000031,Green,2284
S14000031,LD,1012
S14000031,UKIP,486
S14000031,TUSC,160
S14000031,CISTAP,154
S14000032,SNP,21976
S14000032,Lab,12754
S14000032,Con,1769
S14000032,Green,615
S14000032,LD,300
S14000032,CISTAP,225
S14000032,TUSC,218
S14000033,SNP,23908
S14000033,Lab,13544
S14000033,Con,3692
S14000033,LD,1194
S14000033,Green,1167
S14000033,CISTAP,213
S14000033,Comm,136
S14000034,SNP,26773
S14000034,Lab,14504
S14000034,Con,4752
S14000034,Green,1431
S14000034,LD,1019
S14000034,TUSC,299
S14000035,SNP,23388
S14000035,Lab,13438
S14000035,Con,2036
S14000035,UKIP,970
S14000035,Green,507
S14000035,LD,406
S14000035,Soc,176
S14000036,SNP,28459
S14000036,Lab,14562
S14000036,Con,3685
S14000036,LD,892
S14000037,SNP,27717
S14000037,LD,19030
S14000037,Con,6807
S14000037,Lab,3441
S14000037,UKIP,1166
S14000038,SNP,24585
S14000038,Lab,13522
S14000038,Con,4446
S14000038,LD,1106
S14000038,UKIP,715
S14000038,CISTAP,233
S14000039,SNP,28838
S14000039,LD,18029
S14000039,Lab,4311
S14000039,Con,3410
S14000039,Green,1367
S14000039,UKIP,1236
S14000039,"Christian Party, Proclaiming Christ's Lordship",422
S14000040,SNP,30000
S14000040,Lab,16362
S14000040,Con,6752
S14000040,LD,789
S14000041,SNP,27628
S14000041,Lab,17654
S14000041,Con,5223
S14000041,UKIP,1237
S14000041,LD,1150
S14000042,SNP,26976
S14000042,Lab,16876
S14000042,Con,8772
S14000042,UKIP,1431
S14000042,LD,1203
S14000043,SNP,32055
S14000043,Lab,19121
S14000043,Con,7384
S14000043,UKIP,1682
S14000043,LD,1252
S14000043,NF,103
S14000044,SNP,32736
S14000044,Lab,15893
S14000044,Con,5929
S14000044,UKIP,1757
S14000044,LD,1232
S14000045,SNP,24453
S14000045,Lab,14594
S14000045,Con,5760
S14000045,Green,1219
S14000045,UKIP,1173
S14000045,LD,1132
S14000046,SNP,24384
S14000046,Con,15319
S14000046,Lab,4898
S14000046,UKIP,1939
S14000046,LD,1395
S14000046,Green,1345
S14000047,SNP,27275
S14000047,Lab,15377
S14000047,Con,3695
S14000047,UKIP,1289
S14000047,LD,601
S14000048,SNP,28641
S14000048,Lab,15068
S14000048,Con,7968
S14000048,UKIP,1296
S14000048,LD,896
S14000049,SNP,18523
S14000049,LD,14179
S14000049,Con,7373
S14000049,Lab,3476
S14000049,Green,1387
S14000049,Ind,325
S14000050,SNP,26620
S14000050,Lab,16452
S14000050,Con,11987
S14000050,LD,1481
S14000050,UKIP,1331
S14000051,LD,9407
S14000051,SNP,8590
S14000051,Con,2025
S14000051,Lab,1624
S14000051,UKIP,1082
S14000052,SNP,25601
S14000052,Lab,16525
S14000052,Con,6183
S14000052,LD,1055
S14000052,Green,703
S14000052,CISTAP,202
S14000052,TUSC,193
S14000053,SNP,23548
S14000053,Lab,17864
S14000053,Con,3526
S14000053,LD,1010
S14000053,SSP,278
S14000054,SNP,27379
S14000054,Con,17738
S14000054,Lab,4413
S14000054,LD,2059
S14000054,Green,1146
S14000054,UKIP,1110
S14000054,Ind,355
S14000055,SNP,20119
S14000055,LD,14995
S14000055,Con,2598
S14000055,Lab,2043
S14000055,Green,1051
S14000055,UKIP,814
S14000055,Ind,191
S14000056,SNP,30279
S14000056,Lab,20304
S14000056,Con,4350
S14000056,UKIP,1301
S14000056,LD,1045
S14000056,CISTAP,336
S14000057,SNP,23783
S14000057,Lab,13303
S14000057,Con,12051
S14000057,Green,1606
S14000057,LD,1392
S14000058,SNP,22949
S14000058,Con,15916
S14000058,LD,11812
S14000058,Lab,2487
S14000058,UKIP,1006
S14000058,Green,885
S14000058,Ind,141
S14000059,SNP,30198
S14000059,Lab,16027
S14000059,Con,3597
S14000059,LD,816
S14000059,Ind,503
W07000041,Lab,10871
W07000041,PC,10642
W07000041,Con,7393
W07000041,UKIP,5121
W07000041,LD,751
W07000041,SLP,148
W07000042,Lab,15187
W07000042,Con,12257
W07000042,UKIP,6150
W07000042,PC,1803
W07000042,LD,1380
W07000042,Green,680
W07000043,Lab,16540
W07000043,Con,13197
W07000043,UKIP,7260
W07000043,LD,1733
W07000043,PC,1608
W07000043,Green,976
W07000044,Lab,12181
W07000044,Con,10350
W07000044,UKIP,5072
W07000044,PC,2501
W07000044,LD,1735
W07000044,Green,669
W07000044,Ind,211
W07000045,Lab,15948
W07000045,PC,8853
W07000045,UKIP,6269
W07000045,Con,5534
W07000045,LD,751
W07000045,Green,689
W07000045,People First - Gwerin Gyntaf,407
W07000045,TUSC,123
W07000046,Con,15862
W07000046,Lab,15835
W07000046,UKIP,4773
W07000046,PC,3051
W07000046,LD,1552
W07000046,Green,1161
W07000046,MRLP,253
W07000046,Ind,168
W07000046,TUSC,103
W07000047,Lab,14967
W07000047,Con,7931
W07000047,UKIP,4744
W07000047,LD,3178
W07000047,PC,2266
W07000047,Green,1784
W07000047,TUSC,159
W07000047,Ind,78
W07000047,The Socialist Party of Great Britain,49
W07000048,Lab,17807
W07000048,UKIP,5779
W07000048,Con,5142
W07000048,PC,3498
W07000048,LD,1392
W07000049,Lab,15416
W07000049,UKIP,4971
W07000049,Con,3742
W07000049,PC,3663
W07000049,LD,1397
W07000049,Ind,1137
W07000049,Green,711
W07000049,SLP,352
W07000049,TUSC,134
W07000050,Lab,15462
W07000050,LD,10481
W07000050,Con,5674
W07000050,UKIP,2499
W07000050,Green,2461
W07000050,PC,1925
W07000050,TUSC,110
W07000050,Ind,34
W07000051,Con,21709
W07000051,Lab,19572
W07000051,UKIP,3953
W07000051,PC,2301
W07000051,LD,1953
W07000051,Green,1254
W07000051,"Christian Party, Proclaiming Christ's Lordship",331
W07000051,Alter Change - Politics. Only Different.,78
W07000052,Lab,15976
W07000052,PC,8521
W07000052,UKIP,3998
W07000052,Con,2116
W07000052,LD,474
W07000052,Green,453
W07000053,Lab,16938
W07000053,Con,8769
W07000053,UKIP,7203
W07000053,PC,2169
W07000053,LD,1271
W07000053,Green,746
W07000053,SLP,697
W07000053,Comm,144
W07000054,Con,23701
W07000054,Lab,12719
W07000054,UKIP,4942
W07000054,LD,2496
W07000054,PC,1875
W07000054,Green,1629
W07000054,Eng Dem,100
W07000055,Lab,14290
W07000055,Con,9585
W07000055,UKIP,6466
W07000055,LD,2251
W07000055,PC,1231
W07000055,Green,887
W07000055,SLP,398
W07000056,Lab,16633
W07000056,Con,13123
W07000056,UKIP,6134
W07000056,PC,1604
W07000056,LD,1581
W07000056,Green,1272
W07000057,PC,11790
W07000057,Lab,8122
W07000057,Con,3521
W07000057,UKIP,2277
W07000057,LD,718
W07000057,SLP,409
W07000058,Con,12513
W07000058,Lab,8514
W07000058,PC,3536
W07000058,UKIP,3467
W07000058,LD,1391
W07000058,Green,727
W07000059,Con,16463
W07000059,Lab,9733
W07000059,UKIP,4988
W07000059,PC,4651
W07000059,LD,1387
W07000059,SLP,612
W07000059,The Above and Beyond Party,194
W07000060,Con,13760
W07000060,Lab,13523
W07000060,UKIP,4577
W07000060,PC,2486
W07000060,LD,915
W07000061,PC,11811
W07000061,Con,6550
W07000061,Lab,3904
W07000061,UKIP,3126
W07000061,Ind,1388
W07000061,LD,1153
W07000061,Green,981
W07000062,Lab,13051
W07000062,Con,10649
W07000062,UKIP,5480
W07000062,PC,3620
W07000062,LD,1349
W07000062,Green,915
W07000063,Con,15204
W07000063,LD,9879
W07000063,UKIP,3769
W07000063,Lab,1900
W07000063,PC,1745
W07000063,Green,1260
W07000064,LD,13414
W07000064,PC,10347
W07000064,Con,4123
W07000064,UKIP,3829
W07000064,Lab,3615
W07000064,Green,2088
W07000065,Con,16383
W07000065,Lab,11414
W07000065,UKIP,4257
W07000065,ISWSL,3729
W07000065,PC,2518
W07000065,Green,1452
W07000065,LD,780
W07000065,NSW,23
W07000066,Con,17626
W07000066,Lab,11572
W07000066,UKIP,4698
W07000066,PC,4201
W07000066,Green,1290
W07000066,LD,963
W07000067,PC,15140
W07000067,Lab,9541
W07000067,Con,8336
W07000067,UKIP,4363
W07000067,Green,1091
W07000067,LD,928
W07000068,Con,16453
W07000068,LD,11351
W07000068,Lab,5904
W07000068,UKIP,3338
W07000068,PC,1767
W07000068,Green,1261
W07000069,Lab,16270
W07000069,PC,6722
W07000069,UKIP,6094
W07000069,Con,5691
W07000069,Green,1185
W07000069,LD,1173
W07000070,Lab,14532
W07000070,PC,5126
W07000070,UKIP,4976
W07000070,Con,3676
W07000070,LD,830
W07000070,Green,799
W07000070,SLP,533
W07000071,Lab,17619
W07000071,UKIP,6106
W07000071,Con,3292
W07000071,PC,3099
W07000071,LD,1351
W07000071,Green,603
W07000071,Ind,459
W07000071,Comm,186
W07000072,Lab,18380
W07000072,UKIP,5677
W07000072,Con,3419
W07000072,PC,2849
W07000072,Green,738
W07000072,LD,620
W07000073,Lab,14624
W07000073,Con,12697
W07000073,UKIP,5911
W07000073,PC,2784
W07000073,LD,1648
W07000073,Ind,763
W07000073,Green,736
W07000073,TUSC,118
W07000073,Pirate,106
W07000073,NF,66
W07000074,Lab,18663
W07000074,Con,5620
W07000074,UKIP,5420
W07000074,PC,3556
W07000074,LD,1072
W07000074,Green,754
W07000074,TUSC,165
W07000075,Lab,15554
W07000075,Con,6569
W07000075,UKIP,5085
W07000075,LD,4904
W07000075,PC,4348
W07000075,Green,992
W07000075,SLP,332
W07000075,TUSC,98
W07000076,Lab,17864
W07000076,UKIP,7791
W07000076,Con,6683
W07000076,PC,5895
W07000076,Green,937
W07000076,LD,935
W07000076,TUSC,178
W07000077,Lab,17336
W07000077,UKIP,6932
W07000077,Con,5366
W07000077,PC,3794
W07000077,LD,950
W07000077,Green,659
W07000077,MRLP,213
W07000077,TUSC,151
W07000078,Con,23607
W07000078,Lab,16727
W07000078,UKIP,5489
W07000078,PC,2869
W07000078,LD,1309
W07000078,Green,1054
W07000078,CISTAP,238
W07000079,Lab,17803
W07000079,Con,11014
W07000079,PC,6096
W07000079,UKIP,4923
W07000079,LD,2069
W07000079,Green,1704
W07000079,TUSC,183
W07000080,Lab,19966
W07000080,Con,12513
W07000080,UKIP,6423
W07000080,PC,3443
W07000080,LD,2318
W07000080,Green,1746
W07000080,TUSC,258
,,30697525
